Phone Number,Formatted Phone,Owner Name,Unit Code,Compound,Deal Type,Price,Message,WhatsApp Direct Link,Status
201112345678,+201112345678,+20 111 234 5678 (Direct Owner),UNIT-WA-009,Mivida,Sale,"38,000,000 EGP","مساء الخيرات , يارب تكون بخير - مع حضرتك احمد فوزي من سييرا استيتس - كنت بسال لو الوحده الي حضرتك كنت عارضها متاحه ؟ معانا اكتر من عميل مهتم سواء بيع او ايجار باذن الله - استاذن حضرتك بس ارسلنا المعلومات اكون شاكر لحضرتك جدا",https://wa.me/201112345678?text=%D9%85%D8%B3%D8%A7%D8%A1%20%D8%A7%D9%84%D8%AE%D9%8A%D8%B1%D8%A7%D8%AA%20%2C%20%D9%8A%D8%A7%D8%B1%D8%A8%20%D8%AA%D9%83%D9%88%D9%86%20%D8%A8%D8%AE%D9%8A%D8%B1%20-%20%D9%85%D8%B9%20%D8%AD%D8%B6%D8%B1%D8%AA%D9%83%20%D8%A7%D8%AD%D9%85%D8%AF%20%D9%81%D9%88%D8%B2%D9%8A%20%D9%85%D9%86%20%D8%B3%D9%8A%D9%8A%D8%B1%D8%A7%20%D8%A7%D8%B3%D8%AA%D9%8A%D8%AA%D8%B3%20-%20%D9%83%D9%86%D8%AA%20%D8%A8%D8%B3%D8%A7%D9%84%20%D9%84%D9%88%20%D8%A7%D9%84%D9%88%D8%AD%D8%AF%D9%87%20%D8%A7%D9%84%D9%8A%20%D8%AD%D8%B6%D8%B1%D8%AA%D9%83%20%D9%83%D9%86%D8%AA%20%D8%B9%D8%A7%D8%B1%D8%B6%D9%87%D8%A7%20%D9%85%D8%AA%D8%A7%D8%AD%D9%87%20%D8%9F%20%D9%85%D8%B9%D8%A7%D9%86%D8%A7%20%D8%A7%D9%83%D8%AA%D8%B1%20%D9%85%D9%86%20%D8%B9%D9%85%D9%8A%D9%84%20%D9%85%D9%87%D8%AA%D9%85%20%D8%B3%D9%88%D8%A7%D8%A1%20%D8%A8%D9%8A%D8%B9%20%D8%A7%D9%88%20%D8%A7%D9%8A%D8%AC%D8%A7%D8%B1%20%D8%A8%D8%A7%D8%B0%D9%86%20%D8%A7%D9%84%D9%84%D9%87%20-%20%D8%A7%D8%B3%D8%AA%D8%A7%D8%B0%D9%86%20%D8%AD%D8%B6%D8%B1%D8%AA%D9%83%20%D8%A8%D8%B3%20%D8%A7%D8%B1%D8%B3%D9%84%D9%86%D8%A7%20%D8%A7%D9%84%D9%85%D8%B9%D9%84%D9%88%D9%85%D8%A7%D8%AA%20%D8%A7%D9%83%D9%88%D9%86%20%D8%B4%D8%A7%D9%83%D8%B1%20%D9%84%D8%AD%D8%B6%D8%B1%D8%AA%D9%83%20%D8%AC%D8%AF%D8%A7,Pending
201094519022,+201094519022,+20 109 451 9022 (Verified Owner),UNIT-WA-002,Al Rehab,Sale,"6,800,000 EGP","مساء الخيرات , يارب تكون بخير - مع حضرتك احمد فوزي من سييرا استيتس - كنت بسال لو الوحده الي حضرتك كنت عارضها متاحه ؟ معانا اكتر من عميل مهتم سواء بيع او ايجار باذن الله - استاذن حضرتك بس ارسلنا المعلومات اكون شاكر لحضرتك جدا",https://wa.me/201094519022?text=%D9%85%D8%B3%D8%A7%D8%A1%20%D8%A7%D9%84%D8%AE%D9%8A%D8%B1%D8%A7%D8%AA%20%2C%20%D9%8A%D8%A7%D8%B1%D8%A8%20%D8%AA%D9%83%D9%88%D9%86%20%D8%A8%D8%AE%D9%8A%D8%B1%20-%20%D9%85%D8%B9%20%D8%AD%D8%B6%D8%B1%D8%AA%D9%83%20%D8%A7%D8%AD%D9%85%D8%AF%20%D9%81%D9%88%D8%B2%D9%8A%20%D9%85%D9%86%20%D8%B3%D9%8A%D9%8A%D8%B1%D8%A7%20%D8%A7%D8%B3%D8%AA%D9%8A%D8%AA%D8%B3%20-%20%D9%83%D9%86%D8%AA%20%D8%A8%D8%B3%D8%A7%D9%84%20%D9%84%D9%88%20%D8%A7%D9%84%D9%88%D8%AD%D8%AF%D9%87%20%D8%A7%D9%84%D9%8A%20%D8%AD%D8%B6%D8%B1%D8%AA%D9%83%20%D9%83%D9%86%D8%AA%20%D8%B9%D8%A7%D8%B1%D8%B6%D9%87%D8%A7%20%D9%85%D8%AA%D8%A7%D8%AD%D9%87%20%D8%9F%20%D9%85%D8%B9%D8%A7%D9%86%D8%A7%20%D8%A7%D9%83%D8%AA%D8%B1%20%D9%85%D9%86%20%D8%B9%D9%85%D9%8A%D9%84%20%D9%85%D9%87%D8%AA%D9%85%20%D8%B3%D9%88%D8%A7%D8%A1%20%D8%A8%D9%8A%D8%B9%20%D8%A7%D9%88%20%D8%A7%D9%8A%D8%AC%D8%A7%D8%B1%20%D8%A8%D8%A7%D8%B0%D9%86%20%D8%A7%D9%84%D9%84%D9%87%20-%20%D8%A7%D8%B3%D8%AA%D8%A7%D8%B0%D9%86%20%D8%AD%D8%B6%D8%B1%D8%AA%D9%83%20%D8%A8%D8%B3%20%D8%A7%D8%B1%D8%B3%D9%84%D9%86%D8%A7%20%D8%A7%D9%84%D9%85%D8%B9%D9%84%D9%88%D9%85%D8%A7%D8%AA%20%D8%A7%D9%83%D9%88%D9%86%20%D8%B4%D8%A7%D9%83%D8%B1%20%D9%84%D8%AD%D8%B6%D8%B1%D8%AA%D9%83%20%D8%AC%D8%AF%D8%A7,Pending
201110122239,+201110122239,مباشر / المالك,PATIO-TH-C,El Patio Hills,Sale,Price on Call,"مساء الخيرات , يارب تكون بخير - مع حضرتك احمد فوزي من سييرا استيتس - كنت بسال لو الوحده الي حضرتك كنت عارضها متاحه ؟ معانا اكتر من عميل مهتم سواء بيع او ايجار باذن الله - استاذن حضرتك بس ارسلنا المعلومات اكون شاكر لحضرتك جدا",https://wa.me/201110122239?text=%D9%85%D8%B3%D8%A7%D8%A1%20%D8%A7%D9%84%D8%AE%D9%8A%D8%B1%D8%A7%D8%AA%20%2C%20%D9%8A%D8%A7%D8%B1%D8%A8%20%D8%AA%D9%83%D9%88%D9%86%20%D8%A8%D8%AE%D9%8A%D8%B1%20-%20%D9%85%D8%B9%20%D8%AD%D8%B6%D8%B1%D8%AA%D9%83%20%D8%A7%D8%AD%D9%85%D8%AF%20%D9%81%D9%88%D8%B2%D9%8A%20%D9%85%D9%86%20%D8%B3%D9%8A%D9%8A%D8%B1%D8%A7%20%D8%A7%D8%B3%D8%AA%D9%8A%D8%AA%D8%B3%20-%20%D9%83%D9%86%D8%AA%20%D8%A8%D8%B3%D8%A7%D9%84%20%D9%84%D9%88%20%D8%A7%D9%84%D9%88%D8%AD%D8%AF%D9%87%20%D8%A7%D9%84%D9%8A%20%D8%AD%D8%B6%D8%B1%D8%AA%D9%83%20%D9%83%D9%86%D8%AA%20%D8%B9%D8%A7%D8%B1%D8%B6%D9%87%D8%A7%20%D9%85%D8%AA%D8%A7%D8%AD%D9%87%20%D8%9F%20%D9%85%D8%B9%D8%A7%D9%86%D8%A7%20%D8%A7%D9%83%D8%AA%D8%B1%20%D9%85%D9%86%20%D8%B9%D9%85%D9%8A%D9%84%20%D9%85%D9%87%D8%AA%D9%85%20%D8%B3%D9%88%D8%A7%D8%A1%20%D8%A8%D9%8A%D8%B9%20%D8%A7%D9%88%20%D8%A7%D9%8A%D8%AC%D8%A7%D8%B1%20%D8%A8%D8%A7%D8%B0%D9%86%20%D8%A7%D9%84%D9%84%D9%87%20-%20%D8%A7%D8%B3%D8%AA%D8%A7%D8%B0%D9%86%20%D8%AD%D8%B6%D8%B1%D8%AA%D9%83%20%D8%A8%D8%B3%20%D8%A7%D8%B1%D8%B3%D9%84%D9%86%D8%A7%20%D8%A7%D9%84%D9%85%D8%B9%D9%84%D9%88%D9%85%D8%A7%D8%AA%20%D8%A7%D9%83%D9%88%D9%86%20%D8%B4%D8%A7%D9%83%D8%B1%20%D9%84%D8%AD%D8%B6%D8%B1%D8%AA%D9%83%20%D8%AC%D8%AF%D8%A7,Pending
201154445584,+201154445584,+20 10 23990772,SE-WA-2522,New Cairo,Rent,,"مساء الخيرات , يارب تكون بخير - مع حضرتك احمد فوزي من سييرا استيتس - كنت بسال لو الوحده الي حضرتك كنت عارضها متاحه ؟ معانا اكتر من عميل مهتم سواء بيع او ايجار باذن الله - استاذن حضرتك بس ارسلنا المعلومات اكون شاكر لحضرتك جدا",https://wa.me/201154445584?text=%D9%85%D8%B3%D8%A7%D8%A1%20%D8%A7%D9%84%D8%AE%D9%8A%D8%B1%D8%A7%D8%AA%20%2C%20%D9%8A%D8%A7%D8%B1%D8%A8%20%D8%AA%D9%83%D9%88%D9%86%20%D8%A8%D8%AE%D9%8A%D8%B1%20-%20%D9%85%D8%B9%20%D8%AD%D8%B6%D8%B1%D8%AA%D9%83%20%D8%A7%D8%AD%D9%85%D8%AF%20%D9%81%D9%88%D8%B2%D9%8A%20%D9%85%D9%86%20%D8%B3%D9%8A%D9%8A%D8%B1%D8%A7%20%D8%A7%D8%B3%D8%AA%D9%8A%D8%AA%D8%B3%20-%20%D9%83%D9%86%D8%AA%20%D8%A8%D8%B3%D8%A7%D9%84%20%D9%84%D9%88%20%D8%A7%D9%84%D9%88%D8%AD%D8%AF%D9%87%20%D8%A7%D9%84%D9%8A%20%D8%AD%D8%B6%D8%B1%D8%AA%D9%83%20%D9%83%D9%86%D8%AA%20%D8%B9%D8%A7%D8%B1%D8%B6%D9%87%D8%A7%20%D9%85%D8%AA%D8%A7%D8%AD%D9%87%20%D8%9F%20%D9%85%D8%B9%D8%A7%D9%86%D8%A7%20%D8%A7%D9%83%D8%AA%D8%B1%20%D9%85%D9%86%20%D8%B9%D9%85%D9%8A%D9%84%20%D9%85%D9%87%D8%AA%D9%85%20%D8%B3%D9%88%D8%A7%D8%A1%20%D8%A8%D9%8A%D8%B9%20%D8%A7%D9%88%20%D8%A7%D9%8A%D8%AC%D8%A7%D8%B1%20%D8%A8%D8%A7%D8%B0%D9%86%20%D8%A7%D9%84%D9%84%D9%87%20-%20%D8%A7%D8%B3%D8%AA%D8%A7%D8%B0%D9%86%20%D8%AD%D8%B6%D8%B1%D8%AA%D9%83%20%D8%A8%D8%B3%20%D8%A7%D8%B1%D8%B3%D9%84%D9%86%D8%A7%20%D8%A7%D9%84%D9%85%D8%B9%D9%84%D9%88%D9%85%D8%A7%D8%AA%20%D8%A7%D9%83%D9%88%D9%86%20%D8%B4%D8%A7%D9%83%D8%B1%20%D9%84%D8%AD%D8%B6%D8%B1%D8%AA%D9%83%20%D8%AC%D8%AF%D8%A7,Pending
201023990772,+201023990772,+20 10 23990772,SE-WA-2522,New Cairo,Rent,,"مساء الخيرات , يارب تكون بخير - مع حضرتك احمد فوزي من سييرا استيتس - كنت بسال لو الوحده الي حضرتك كنت عارضها متاحه ؟ معانا اكتر من عميل مهتم سواء بيع او ايجار باذن الله - استاذن حضرتك بس ارسلنا المعلومات اكون شاكر لحضرتك جدا",https://wa.me/201023990772?text=%D9%85%D8%B3%D8%A7%D8%A1%20%D8%A7%D9%84%D8%AE%D9%8A%D8%B1%D8%A7%D8%AA%20%2C%20%D9%8A%D8%A7%D8%B1%D8%A8%20%D8%AA%D9%83%D9%88%D9%86%20%D8%A8%D8%AE%D9%8A%D8%B1%20-%20%D9%85%D8%B9%20%D8%AD%D8%B6%D8%B1%D8%AA%D9%83%20%D8%A7%D8%AD%D9%85%D8%AF%20%D9%81%D9%88%D8%B2%D9%8A%20%D9%85%D9%86%20%D8%B3%D9%8A%D9%8A%D8%B1%D8%A7%20%D8%A7%D8%B3%D8%AA%D9%8A%D8%AA%D8%B3%20-%20%D9%83%D9%86%D8%AA%20%D8%A8%D8%B3%D8%A7%D9%84%20%D9%84%D9%88%20%D8%A7%D9%84%D9%88%D8%AD%D8%AF%D9%87%20%D8%A7%D9%84%D9%8A%20%D8%AD%D8%B6%D8%B1%D8%AA%D9%83%20%D9%83%D9%86%D8%AA%20%D8%B9%D8%A7%D8%B1%D8%B6%D9%87%D8%A7%20%D9%85%D8%AA%D8%A7%D8%AD%D9%87%20%D8%9F%20%D9%85%D8%B9%D8%A7%D9%86%D8%A7%20%D8%A7%D9%83%D8%AA%D8%B1%20%D9%85%D9%86%20%D8%B9%D9%85%D9%8A%D9%84%20%D9%85%D9%87%D8%AA%D9%85%20%D8%B3%D9%88%D8%A7%D8%A1%20%D8%A8%D9%8A%D8%B9%20%D8%A7%D9%88%20%D8%A7%D9%8A%D8%AC%D8%A7%D8%B1%20%D8%A8%D8%A7%D8%B0%D9%86%20%D8%A7%D9%84%D9%84%D9%87%20-%20%D8%A7%D8%B3%D8%AA%D8%A7%D8%B0%D9%86%20%D8%AD%D8%B6%D8%B1%D8%AA%D9%83%20%D8%A8%D8%B3%20%D8%A7%D8%B1%D8%B3%D9%84%D9%86%D8%A7%20%D8%A7%D9%84%D9%85%D8%B9%D9%84%D9%88%D9%85%D8%A7%D8%AA%20%D8%A7%D9%83%D9%88%D9%86%20%D8%B4%D8%A7%D9%83%D8%B1%20%D9%84%D8%AD%D8%B6%D8%B1%D8%AA%D9%83%20%D8%AC%D8%AF%D8%A7,Pending
201033772699,+201033772699,+20 10 33772699,SE-WA-4821,New Cairo,Rent,,"مساء الخيرات , يارب تكون بخير - مع حضرتك احمد فوزي من سييرا استيتس - كنت بسال لو الوحده الي حضرتك كنت عارضها متاحه ؟ معانا اكتر من عميل مهتم سواء بيع او ايجار باذن الله - استاذن حضرتك بس ارسلنا المعلومات اكون شاكر لحضرتك جدا",https://wa.me/201033772699?text=%D9%85%D8%B3%D8%A7%D8%A1%20%D8%A7%D9%84%D8%AE%D9%8A%D8%B1%D8%A7%D8%AA%20%2C%20%D9%8A%D8%A7%D8%B1%D8%A8%20%D8%AA%D9%83%D9%88%D9%86%20%D8%A8%D8%AE%D9%8A%D8%B1%20-%20%D9%85%D8%B9%20%D8%AD%D8%B6%D8%B1%D8%AA%D9%83%20%D8%A7%D8%AD%D9%85%D8%AF%20%D9%81%D9%88%D8%B2%D9%8A%20%D9%85%D9%86%20%D8%B3%D9%8A%D9%8A%D8%B1%D8%A7%20%D8%A7%D8%B3%D8%AA%D9%8A%D8%AA%D8%B3%20-%20%D9%83%D9%86%D8%AA%20%D8%A8%D8%B3%D8%A7%D9%84%20%D9%84%D9%88%20%D8%A7%D9%84%D9%88%D8%AD%D8%AF%D9%87%20%D8%A7%D9%84%D9%8A%20%D8%AD%D8%B6%D8%B1%D8%AA%D9%83%20%D9%83%D9%86%D8%AA%20%D8%B9%D8%A7%D8%B1%D8%B6%D9%87%D8%A7%20%D9%85%D8%AA%D8%A7%D8%AD%D9%87%20%D8%9F%20%D9%85%D8%B9%D8%A7%D9%86%D8%A7%20%D8%A7%D9%83%D8%AA%D8%B1%20%D9%85%D9%86%20%D8%B9%D9%85%D9%8A%D9%84%20%D9%85%D9%87%D8%AA%D9%85%20%D8%B3%D9%88%D8%A7%D8%A1%20%D8%A8%D9%8A%D8%B9%20%D8%A7%D9%88%20%D8%A7%D9%8A%D8%AC%D8%A7%D8%B1%20%D8%A8%D8%A7%D8%B0%D9%86%20%D8%A7%D9%84%D9%84%D9%87%20-%20%D8%A7%D8%B3%D8%AA%D8%A7%D8%B0%D9%86%20%D8%AD%D8%B6%D8%B1%D8%AA%D9%83%20%D8%A8%D8%B3%20%D8%A7%D8%B1%D8%B3%D9%84%D9%86%D8%A7%20%D8%A7%D9%84%D9%85%D8%B9%D9%84%D9%88%D9%85%D8%A7%D8%AA%20%D8%A7%D9%83%D9%88%D9%86%20%D8%B4%D8%A7%D9%83%D8%B1%20%D9%84%D8%AD%D8%B6%D8%B1%D8%AA%D9%83%20%D8%AC%D8%AF%D8%A7,Pending
201286239700,+201286239700,+20 12 86239700,SE-WA-9938,New Cairo,Rent,,"مساء الخيرات , يارب تكون بخير - مع حضرتك احمد فوزي من سييرا استيتس - كنت بسال لو الوحده الي حضرتك كنت عارضها متاحه ؟ معانا اكتر من عميل مهتم سواء بيع او ايجار باذن الله - استاذن حضرتك بس ارسلنا المعلومات اكون شاكر لحضرتك جدا",https://wa.me/201286239700?text=%D9%85%D8%B3%D8%A7%D8%A1%20%D8%A7%D9%84%D8%AE%D9%8A%D8%B1%D8%A7%D8%AA%20%2C%20%D9%8A%D8%A7%D8%B1%D8%A8%20%D8%AA%D9%83%D9%88%D9%86%20%D8%A8%D8%AE%D9%8A%D8%B1%20-%20%D9%85%D8%B9%20%D8%AD%D8%B6%D8%B1%D8%AA%D9%83%20%D8%A7%D8%AD%D9%85%D8%AF%20%D9%81%D9%88%D8%B2%D9%8A%20%D9%85%D9%86%20%D8%B3%D9%8A%D9%8A%D8%B1%D8%A7%20%D8%A7%D8%B3%D8%AA%D9%8A%D8%AA%D8%B3%20-%20%D9%83%D9%86%D8%AA%20%D8%A8%D8%B3%D8%A7%D9%84%20%D9%84%D9%88%20%D8%A7%D9%84%D9%88%D8%AD%D8%AF%D9%87%20%D8%A7%D9%84%D9%8A%20%D8%AD%D8%B6%D8%B1%D8%AA%D9%83%20%D9%83%D9%86%D8%AA%20%D8%B9%D8%A7%D8%B1%D8%B6%D9%87%D8%A7%20%D9%85%D8%AA%D8%A7%D8%AD%D9%87%20%D8%9F%20%D9%85%D8%B9%D8%A7%D9%86%D8%A7%20%D8%A7%D9%83%D8%AA%D8%B1%20%D9%85%D9%86%20%D8%B9%D9%85%D9%8A%D9%84%20%D9%85%D9%87%D8%AA%D9%85%20%D8%B3%D9%88%D8%A7%D8%A1%20%D8%A8%D9%8A%D8%B9%20%D8%A7%D9%88%20%D8%A7%D9%8A%D8%AC%D8%A7%D8%B1%20%D8%A8%D8%A7%D8%B0%D9%86%20%D8%A7%D9%84%D9%84%D9%87%20-%20%D8%A7%D8%B3%D8%AA%D8%A7%D8%B0%D9%86%20%D8%AD%D8%B6%D8%B1%D8%AA%D9%83%20%D8%A8%D8%B3%20%D8%A7%D8%B1%D8%B3%D9%84%D9%86%D8%A7%20%D8%A7%D9%84%D9%85%D8%B9%D9%84%D9%88%D9%85%D8%A7%D8%AA%20%D8%A7%D9%83%D9%88%D9%86%20%D8%B4%D8%A7%D9%83%D8%B1%20%D9%84%D8%AD%D8%B6%D8%B1%D8%AA%D9%83%20%D8%AC%D8%AF%D8%A7,Pending
201515410943,+201515410943,+20 15 15410943,SE-WA-10819,New Cairo,Rent,,"مساء الخيرات , يارب تكون بخير - مع حضرتك احمد فوزي من سييرا استيتس - كنت بسال لو الوحده الي حضرتك كنت عارضها متاحه ؟ معانا اكتر من عميل مهتم سواء بيع او ايجار باذن الله - استاذن حضرتك بس ارسلنا المعلومات اكون شاكر لحضرتك جدا",https://wa.me/201515410943?text=%D9%85%D8%B3%D8%A7%D8%A1%20%D8%A7%D9%84%D8%AE%D9%8A%D8%B1%D8%A7%D8%AA%20%2C%20%D9%8A%D8%A7%D8%B1%D8%A8%20%D8%AA%D9%83%D9%88%D9%86%20%D8%A8%D8%AE%D9%8A%D8%B1%20-%20%D9%85%D8%B9%20%D8%AD%D8%B6%D8%B1%D8%AA%D9%83%20%D8%A7%D8%AD%D9%85%D8%AF%20%D9%81%D9%88%D8%B2%D9%8A%20%D9%85%D9%86%20%D8%B3%D9%8A%D9%8A%D8%B1%D8%A7%20%D8%A7%D8%B3%D8%AA%D9%8A%D8%AA%D8%B3%20-%20%D9%83%D9%86%D8%AA%20%D8%A8%D8%B3%D8%A7%D9%84%20%D9%84%D9%88%20%D8%A7%D9%84%D9%88%D8%AD%D8%AF%D9%87%20%D8%A7%D9%84%D9%8A%20%D8%AD%D8%B6%D8%B1%D8%AA%D9%83%20%D9%83%D9%86%D8%AA%20%D8%B9%D8%A7%D8%B1%D8%B6%D9%87%D8%A7%20%D9%85%D8%AA%D8%A7%D8%AD%D9%87%20%D8%9F%20%D9%85%D8%B9%D8%A7%D9%86%D8%A7%20%D8%A7%D9%83%D8%AA%D8%B1%20%D9%85%D9%86%20%D8%B9%D9%85%D9%8A%D9%84%20%D9%85%D9%87%D8%AA%D9%85%20%D8%B3%D9%88%D8%A7%D8%A1%20%D8%A8%D9%8A%D8%B9%20%D8%A7%D9%88%20%D8%A7%D9%8A%D8%AC%D8%A7%D8%B1%20%D8%A8%D8%A7%D8%B0%D9%86%20%D8%A7%D9%84%D9%84%D9%87%20-%20%D8%A7%D8%B3%D8%AA%D8%A7%D8%B0%D9%86%20%D8%AD%D8%B6%D8%B1%D8%AA%D9%83%20%D8%A8%D8%B3%20%D8%A7%D8%B1%D8%B3%D9%84%D9%86%D8%A7%20%D8%A7%D9%84%D9%85%D8%B9%D9%84%D9%88%D9%85%D8%A7%D8%AA%20%D8%A7%D9%83%D9%88%D9%86%20%D8%B4%D8%A7%D9%83%D8%B1%20%D9%84%D8%AD%D8%B6%D8%B1%D8%AA%D9%83%20%D8%AC%D8%AF%D8%A7,Pending
201113330524,+201113330524,+20 11 13330524,SE-WA-11901,New Cairo,Sale,,"مساء الخيرات , يارب تكون بخير - مع حضرتك احمد فوزي من سييرا استيتس - كنت بسال لو الوحده الي حضرتك كنت عارضها متاحه ؟ معانا اكتر من عميل مهتم سواء بيع او ايجار باذن الله - استاذن حضرتك بس ارسلنا المعلومات اكون شاكر لحضرتك جدا",https://wa.me/201113330524?text=%D9%85%D8%B3%D8%A7%D8%A1%20%D8%A7%D9%84%D8%AE%D9%8A%D8%B1%D8%A7%D8%AA%20%2C%20%D9%8A%D8%A7%D8%B1%D8%A8%20%D8%AA%D9%83%D9%88%D9%86%20%D8%A8%D8%AE%D9%8A%D8%B1%20-%20%D9%85%D8%B9%20%D8%AD%D8%B6%D8%B1%D8%AA%D9%83%20%D8%A7%D8%AD%D9%85%D8%AF%20%D9%81%D9%88%D8%B2%D9%8A%20%D9%85%D9%86%20%D8%B3%D9%8A%D9%8A%D8%B1%D8%A7%20%D8%A7%D8%B3%D8%AA%D9%8A%D8%AA%D8%B3%20-%20%D9%83%D9%86%D8%AA%20%D8%A8%D8%B3%D8%A7%D9%84%20%D9%84%D9%88%20%D8%A7%D9%84%D9%88%D8%AD%D8%AF%D9%87%20%D8%A7%D9%84%D9%8A%20%D8%AD%D8%B6%D8%B1%D8%AA%D9%83%20%D9%83%D9%86%D8%AA%20%D8%B9%D8%A7%D8%B1%D8%B6%D9%87%D8%A7%20%D9%85%D8%AA%D8%A7%D8%AD%D9%87%20%D8%9F%20%D9%85%D8%B9%D8%A7%D9%86%D8%A7%20%D8%A7%D9%83%D8%AA%D8%B1%20%D9%85%D9%86%20%D8%B9%D9%85%D9%8A%D9%84%20%D9%85%D9%87%D8%AA%D9%85%20%D8%B3%D9%88%D8%A7%D8%A1%20%D8%A8%D9%8A%D8%B9%20%D8%A7%D9%88%20%D8%A7%D9%8A%D8%AC%D8%A7%D8%B1%20%D8%A8%D8%A7%D8%B0%D9%86%20%D8%A7%D9%84%D9%84%D9%87%20-%20%D8%A7%D8%B3%D8%AA%D8%A7%D8%B0%D9%86%20%D8%AD%D8%B6%D8%B1%D8%AA%D9%83%20%D8%A8%D8%B3%20%D8%A7%D8%B1%D8%B3%D9%84%D9%86%D8%A7%20%D8%A7%D9%84%D9%85%D8%B9%D9%84%D9%88%D9%85%D8%A7%D8%AA%20%D8%A7%D9%83%D9%88%D9%86%20%D8%B4%D8%A7%D9%83%D8%B1%20%D9%84%D8%AD%D8%B6%D8%B1%D8%AA%D9%83%20%D8%AC%D8%AF%D8%A7,Pending
201093003351,+201093003351,+20 10 93003351,SE-WA-12015,New Cairo,Sale,,"مساء الخيرات , يارب تكون بخير - مع حضرتك احمد فوزي من سييرا استيتس - كنت بسال لو الوحده الي حضرتك كنت عارضها متاحه ؟ معانا اكتر من عميل مهتم سواء بيع او ايجار باذن الله - استاذن حضرتك بس ارسلنا المعلومات اكون شاكر لحضرتك جدا",https://wa.me/201093003351?text=%D9%85%D8%B3%D8%A7%D8%A1%20%D8%A7%D9%84%D8%AE%D9%8A%D8%B1%D8%A7%D8%AA%20%2C%20%D9%8A%D8%A7%D8%B1%D8%A8%20%D8%AA%D9%83%D9%88%D9%86%20%D8%A8%D8%AE%D9%8A%D8%B1%20-%20%D9%85%D8%B9%20%D8%AD%D8%B6%D8%B1%D8%AA%D9%83%20%D8%A7%D8%AD%D9%85%D8%AF%20%D9%81%D9%88%D8%B2%D9%8A%20%D9%85%D9%86%20%D8%B3%D9%8A%D9%8A%D8%B1%D8%A7%20%D8%A7%D8%B3%D8%AA%D9%8A%D8%AA%D8%B3%20-%20%D9%83%D9%86%D8%AA%20%D8%A8%D8%B3%D8%A7%D9%84%20%D9%84%D9%88%20%D8%A7%D9%84%D9%88%D8%AD%D8%AF%D9%87%20%D8%A7%D9%84%D9%8A%20%D8%AD%D8%B6%D8%B1%D8%AA%D9%83%20%D9%83%D9%86%D8%AA%20%D8%B9%D8%A7%D8%B1%D8%B6%D9%87%D8%A7%20%D9%85%D8%AA%D8%A7%D8%AD%D9%87%20%D8%9F%20%D9%85%D8%B9%D8%A7%D9%86%D8%A7%20%D8%A7%D9%83%D8%AA%D8%B1%20%D9%85%D9%86%20%D8%B9%D9%85%D9%8A%D9%84%20%D9%85%D9%87%D8%AA%D9%85%20%D8%B3%D9%88%D8%A7%D8%A1%20%D8%A8%D9%8A%D8%B9%20%D8%A7%D9%88%20%D8%A7%D9%8A%D8%AC%D8%A7%D8%B1%20%D8%A8%D8%A7%D8%B0%D9%86%20%D8%A7%D9%84%D9%84%D9%87%20-%20%D8%A7%D8%B3%D8%AA%D8%A7%D8%B0%D9%86%20%D8%AD%D8%B6%D8%B1%D8%AA%D9%83%20%D8%A8%D8%B3%20%D8%A7%D8%B1%D8%B3%D9%84%D9%86%D8%A7%20%D8%A7%D9%84%D9%85%D8%B9%D9%84%D9%88%D9%85%D8%A7%D8%AA%20%D8%A7%D9%83%D9%88%D9%86%20%D8%B4%D8%A7%D9%83%D8%B1%20%D9%84%D8%AD%D8%B6%D8%B1%D8%AA%D9%83%20%D8%AC%D8%AF%D8%A7,Pending
201066046891,+201066046891,+20 10 66046891,SE-WA-12634,New Cairo,Rent,,"مساء الخيرات , يارب تكون بخير - مع حضرتك احمد فوزي من سييرا استيتس - كنت بسال لو الوحده الي حضرتك كنت عارضها متاحه ؟ معانا اكتر من عميل مهتم سواء بيع او ايجار باذن الله - استاذن حضرتك بس ارسلنا المعلومات اكون شاكر لحضرتك جدا",https://wa.me/201066046891?text=%D9%85%D8%B3%D8%A7%D8%A1%20%D8%A7%D9%84%D8%AE%D9%8A%D8%B1%D8%A7%D8%AA%20%2C%20%D9%8A%D8%A7%D8%B1%D8%A8%20%D8%AA%D9%83%D9%88%D9%86%20%D8%A8%D8%AE%D9%8A%D8%B1%20-%20%D9%85%D8%B9%20%D8%AD%D8%B6%D8%B1%D8%AA%D9%83%20%D8%A7%D8%AD%D9%85%D8%AF%20%D9%81%D9%88%D8%B2%D9%8A%20%D9%85%D9%86%20%D8%B3%D9%8A%D9%8A%D8%B1%D8%A7%20%D8%A7%D8%B3%D8%AA%D9%8A%D8%AA%D8%B3%20-%20%D9%83%D9%86%D8%AA%20%D8%A8%D8%B3%D8%A7%D9%84%20%D9%84%D9%88%20%D8%A7%D9%84%D9%88%D8%AD%D8%AF%D9%87%20%D8%A7%D9%84%D9%8A%20%D8%AD%D8%B6%D8%B1%D8%AA%D9%83%20%D9%83%D9%86%D8%AA%20%D8%B9%D8%A7%D8%B1%D8%B6%D9%87%D8%A7%20%D9%85%D8%AA%D8%A7%D8%AD%D9%87%20%D8%9F%20%D9%85%D8%B9%D8%A7%D9%86%D8%A7%20%D8%A7%D9%83%D8%AA%D8%B1%20%D9%85%D9%86%20%D8%B9%D9%85%D9%8A%D9%84%20%D9%85%D9%87%D8%AA%D9%85%20%D8%B3%D9%88%D8%A7%D8%A1%20%D8%A8%D9%8A%D8%B9%20%D8%A7%D9%88%20%D8%A7%D9%8A%D8%AC%D8%A7%D8%B1%20%D8%A8%D8%A7%D8%B0%D9%86%20%D8%A7%D9%84%D9%84%D9%87%20-%20%D8%A7%D8%B3%D8%AA%D8%A7%D8%B0%D9%86%20%D8%AD%D8%B6%D8%B1%D8%AA%D9%83%20%D8%A8%D8%B3%20%D8%A7%D8%B1%D8%B3%D9%84%D9%86%D8%A7%20%D8%A7%D9%84%D9%85%D8%B9%D9%84%D9%88%D9%85%D8%A7%D8%AA%20%D8%A7%D9%83%D9%88%D9%86%20%D8%B4%D8%A7%D9%83%D8%B1%20%D9%84%D8%AD%D8%B6%D8%B1%D8%AA%D9%83%20%D8%AC%D8%AF%D8%A7,Pending
201154008603,+201154008603,+20 10 66046891,SE-WA-12653,New Cairo,Sale,,"مساء الخيرات , يارب تكون بخير - مع حضرتك احمد فوزي من سييرا استيتس - كنت بسال لو الوحده الي حضرتك كنت عارضها متاحه ؟ معانا اكتر من عميل مهتم سواء بيع او ايجار باذن الله - استاذن حضرتك بس ارسلنا المعلومات اكون شاكر لحضرتك جدا",https://wa.me/201154008603?text=%D9%85%D8%B3%D8%A7%D8%A1%20%D8%A7%D9%84%D8%AE%D9%8A%D8%B1%D8%A7%D8%AA%20%2C%20%D9%8A%D8%A7%D8%B1%D8%A8%20%D8%AA%D9%83%D9%88%D9%86%20%D8%A8%D8%AE%D9%8A%D8%B1%20-%20%D9%85%D8%B9%20%D8%AD%D8%B6%D8%B1%D8%AA%D9%83%20%D8%A7%D8%AD%D9%85%D8%AF%20%D9%81%D9%88%D8%B2%D9%8A%20%D9%85%D9%86%20%D8%B3%D9%8A%D9%8A%D8%B1%D8%A7%20%D8%A7%D8%B3%D8%AA%D9%8A%D8%AA%D8%B3%20-%20%D9%83%D9%86%D8%AA%20%D8%A8%D8%B3%D8%A7%D9%84%20%D9%84%D9%88%20%D8%A7%D9%84%D9%88%D8%AD%D8%AF%D9%87%20%D8%A7%D9%84%D9%8A%20%D8%AD%D8%B6%D8%B1%D8%AA%D9%83%20%D9%83%D9%86%D8%AA%20%D8%B9%D8%A7%D8%B1%D8%B6%D9%87%D8%A7%20%D9%85%D8%AA%D8%A7%D8%AD%D9%87%20%D8%9F%20%D9%85%D8%B9%D8%A7%D9%86%D8%A7%20%D8%A7%D9%83%D8%AA%D8%B1%20%D9%85%D9%86%20%D8%B9%D9%85%D9%8A%D9%84%20%D9%85%D9%87%D8%AA%D9%85%20%D8%B3%D9%88%D8%A7%D8%A1%20%D8%A8%D9%8A%D8%B9%20%D8%A7%D9%88%20%D8%A7%D9%8A%D8%AC%D8%A7%D8%B1%20%D8%A8%D8%A7%D8%B0%D9%86%20%D8%A7%D9%84%D9%84%D9%87%20-%20%D8%A7%D8%B3%D8%AA%D8%A7%D8%B0%D9%86%20%D8%AD%D8%B6%D8%B1%D8%AA%D9%83%20%D8%A8%D8%B3%20%D8%A7%D8%B1%D8%B3%D9%84%D9%86%D8%A7%20%D8%A7%D9%84%D9%85%D8%B9%D9%84%D9%88%D9%85%D8%A7%D8%AA%20%D8%A7%D9%83%D9%88%D9%86%20%D8%B4%D8%A7%D9%83%D8%B1%20%D9%84%D8%AD%D8%B6%D8%B1%D8%AA%D9%83%20%D8%AC%D8%AF%D8%A7,Pending
201100636107,+201100636107,+20 10 66046891,SE-WA-12670,New Cairo,Sale,,"مساء الخيرات , يارب تكون بخير - مع حضرتك احمد فوزي من سييرا استيتس - كنت بسال لو الوحده الي حضرتك كنت عارضها متاحه ؟ معانا اكتر من عميل مهتم سواء بيع او ايجار باذن الله - استاذن حضرتك بس ارسلنا المعلومات اكون شاكر لحضرتك جدا",https://wa.me/201100636107?text=%D9%85%D8%B3%D8%A7%D8%A1%20%D8%A7%D9%84%D8%AE%D9%8A%D8%B1%D8%A7%D8%AA%20%2C%20%D9%8A%D8%A7%D8%B1%D8%A8%20%D8%AA%D9%83%D9%88%D9%86%20%D8%A8%D8%AE%D9%8A%D8%B1%20-%20%D9%85%D8%B9%20%D8%AD%D8%B6%D8%B1%D8%AA%D9%83%20%D8%A7%D8%AD%D9%85%D8%AF%20%D9%81%D9%88%D8%B2%D9%8A%20%D9%85%D9%86%20%D8%B3%D9%8A%D9%8A%D8%B1%D8%A7%20%D8%A7%D8%B3%D8%AA%D9%8A%D8%AA%D8%B3%20-%20%D9%83%D9%86%D8%AA%20%D8%A8%D8%B3%D8%A7%D9%84%20%D9%84%D9%88%20%D8%A7%D9%84%D9%88%D8%AD%D8%AF%D9%87%20%D8%A7%D9%84%D9%8A%20%D8%AD%D8%B6%D8%B1%D8%AA%D9%83%20%D9%83%D9%86%D8%AA%20%D8%B9%D8%A7%D8%B1%D8%B6%D9%87%D8%A7%20%D9%85%D8%AA%D8%A7%D8%AD%D9%87%20%D8%9F%20%D9%85%D8%B9%D8%A7%D9%86%D8%A7%20%D8%A7%D9%83%D8%AA%D8%B1%20%D9%85%D9%86%20%D8%B9%D9%85%D9%8A%D9%84%20%D9%85%D9%87%D8%AA%D9%85%20%D8%B3%D9%88%D8%A7%D8%A1%20%D8%A8%D9%8A%D8%B9%20%D8%A7%D9%88%20%D8%A7%D9%8A%D8%AC%D8%A7%D8%B1%20%D8%A8%D8%A7%D8%B0%D9%86%20%D8%A7%D9%84%D9%84%D9%87%20-%20%D8%A7%D8%B3%D8%AA%D8%A7%D8%B0%D9%86%20%D8%AD%D8%B6%D8%B1%D8%AA%D9%83%20%D8%A8%D8%B3%20%D8%A7%D8%B1%D8%B3%D9%84%D9%86%D8%A7%20%D8%A7%D9%84%D9%85%D8%B9%D9%84%D9%88%D9%85%D8%A7%D8%AA%20%D8%A7%D9%83%D9%88%D9%86%20%D8%B4%D8%A7%D9%83%D8%B1%20%D9%84%D8%AD%D8%B6%D8%B1%D8%AA%D9%83%20%D8%AC%D8%AF%D8%A7,Pending
201039425674,+201039425674,+20 10 66046891,SE-WA-12675,New Cairo,Sale,,"مساء الخيرات , يارب تكون بخير - مع حضرتك احمد فوزي من سييرا استيتس - كنت بسال لو الوحده الي حضرتك كنت عارضها متاحه ؟ معانا اكتر من عميل مهتم سواء بيع او ايجار باذن الله - استاذن حضرتك بس ارسلنا المعلومات اكون شاكر لحضرتك جدا",https://wa.me/201039425674?text=%D9%85%D8%B3%D8%A7%D8%A1%20%D8%A7%D9%84%D8%AE%D9%8A%D8%B1%D8%A7%D8%AA%20%2C%20%D9%8A%D8%A7%D8%B1%D8%A8%20%D8%AA%D9%83%D9%88%D9%86%20%D8%A8%D8%AE%D9%8A%D8%B1%20-%20%D9%85%D8%B9%20%D8%AD%D8%B6%D8%B1%D8%AA%D9%83%20%D8%A7%D8%AD%D9%85%D8%AF%20%D9%81%D9%88%D8%B2%D9%8A%20%D9%85%D9%86%20%D8%B3%D9%8A%D9%8A%D8%B1%D8%A7%20%D8%A7%D8%B3%D8%AA%D9%8A%D8%AA%D8%B3%20-%20%D9%83%D9%86%D8%AA%20%D8%A8%D8%B3%D8%A7%D9%84%20%D9%84%D9%88%20%D8%A7%D9%84%D9%88%D8%AD%D8%AF%D9%87%20%D8%A7%D9%84%D9%8A%20%D8%AD%D8%B6%D8%B1%D8%AA%D9%83%20%D9%83%D9%86%D8%AA%20%D8%B9%D8%A7%D8%B1%D8%B6%D9%87%D8%A7%20%D9%85%D8%AA%D8%A7%D8%AD%D9%87%20%D8%9F%20%D9%85%D8%B9%D8%A7%D9%86%D8%A7%20%D8%A7%D9%83%D8%AA%D8%B1%20%D9%85%D9%86%20%D8%B9%D9%85%D9%8A%D9%84%20%D9%85%D9%87%D8%AA%D9%85%20%D8%B3%D9%88%D8%A7%D8%A1%20%D8%A8%D9%8A%D8%B9%20%D8%A7%D9%88%20%D8%A7%D9%8A%D8%AC%D8%A7%D8%B1%20%D8%A8%D8%A7%D8%B0%D9%86%20%D8%A7%D9%84%D9%84%D9%87%20-%20%D8%A7%D8%B3%D8%AA%D8%A7%D8%B0%D9%86%20%D8%AD%D8%B6%D8%B1%D8%AA%D9%83%20%D8%A8%D8%B3%20%D8%A7%D8%B1%D8%B3%D9%84%D9%86%D8%A7%20%D8%A7%D9%84%D9%85%D8%B9%D9%84%D9%88%D9%85%D8%A7%D8%AA%20%D8%A7%D9%83%D9%88%D9%86%20%D8%B4%D8%A7%D9%83%D8%B1%20%D9%84%D8%AD%D8%B6%D8%B1%D8%AA%D9%83%20%D8%AC%D8%AF%D8%A7,Pending
201277700330,+201277700330,+20 12 77700330,SE-WA-12858,New Cairo,Rent,,"مساء الخيرات , يارب تكون بخير - مع حضرتك احمد فوزي من سييرا استيتس - كنت بسال لو الوحده الي حضرتك كنت عارضها متاحه ؟ معانا اكتر من عميل مهتم سواء بيع او ايجار باذن الله - استاذن حضرتك بس ارسلنا المعلومات اكون شاكر لحضرتك جدا",https://wa.me/201277700330?text=%D9%85%D8%B3%D8%A7%D8%A1%20%D8%A7%D9%84%D8%AE%D9%8A%D8%B1%D8%A7%D8%AA%20%2C%20%D9%8A%D8%A7%D8%B1%D8%A8%20%D8%AA%D9%83%D9%88%D9%86%20%D8%A8%D8%AE%D9%8A%D8%B1%20-%20%D9%85%D8%B9%20%D8%AD%D8%B6%D8%B1%D8%AA%D9%83%20%D8%A7%D8%AD%D9%85%D8%AF%20%D9%81%D9%88%D8%B2%D9%8A%20%D9%85%D9%86%20%D8%B3%D9%8A%D9%8A%D8%B1%D8%A7%20%D8%A7%D8%B3%D8%AA%D9%8A%D8%AA%D8%B3%20-%20%D9%83%D9%86%D8%AA%20%D8%A8%D8%B3%D8%A7%D9%84%20%D9%84%D9%88%20%D8%A7%D9%84%D9%88%D8%AD%D8%AF%D9%87%20%D8%A7%D9%84%D9%8A%20%D8%AD%D8%B6%D8%B1%D8%AA%D9%83%20%D9%83%D9%86%D8%AA%20%D8%B9%D8%A7%D8%B1%D8%B6%D9%87%D8%A7%20%D9%85%D8%AA%D8%A7%D8%AD%D9%87%20%D8%9F%20%D9%85%D8%B9%D8%A7%D9%86%D8%A7%20%D8%A7%D9%83%D8%AA%D8%B1%20%D9%85%D9%86%20%D8%B9%D9%85%D9%8A%D9%84%20%D9%85%D9%87%D8%AA%D9%85%20%D8%B3%D9%88%D8%A7%D8%A1%20%D8%A8%D9%8A%D8%B9%20%D8%A7%D9%88%20%D8%A7%D9%8A%D8%AC%D8%A7%D8%B1%20%D8%A8%D8%A7%D8%B0%D9%86%20%D8%A7%D9%84%D9%84%D9%87%20-%20%D8%A7%D8%B3%D8%AA%D8%A7%D8%B0%D9%86%20%D8%AD%D8%B6%D8%B1%D8%AA%D9%83%20%D8%A8%D8%B3%20%D8%A7%D8%B1%D8%B3%D9%84%D9%86%D8%A7%20%D8%A7%D9%84%D9%85%D8%B9%D9%84%D9%88%D9%85%D8%A7%D8%AA%20%D8%A7%D9%83%D9%88%D9%86%20%D8%B4%D8%A7%D9%83%D8%B1%20%D9%84%D8%AD%D8%B6%D8%B1%D8%AA%D9%83%20%D8%AC%D8%AF%D8%A7,Pending
201066322715,+201066322715,+20 10 66322715,SE-WA-12905,New Cairo,Sale,,"مساء الخيرات , يارب تكون بخير - مع حضرتك احمد فوزي من سييرا استيتس - كنت بسال لو الوحده الي حضرتك كنت عارضها متاحه ؟ معانا اكتر من عميل مهتم سواء بيع او ايجار باذن الله - استاذن حضرتك بس ارسلنا المعلومات اكون شاكر لحضرتك جدا",https://wa.me/201066322715?text=%D9%85%D8%B3%D8%A7%D8%A1%20%D8%A7%D9%84%D8%AE%D9%8A%D8%B1%D8%A7%D8%AA%20%2C%20%D9%8A%D8%A7%D8%B1%D8%A8%20%D8%AA%D9%83%D9%88%D9%86%20%D8%A8%D8%AE%D9%8A%D8%B1%20-%20%D9%85%D8%B9%20%D8%AD%D8%B6%D8%B1%D8%AA%D9%83%20%D8%A7%D8%AD%D9%85%D8%AF%20%D9%81%D9%88%D8%B2%D9%8A%20%D9%85%D9%86%20%D8%B3%D9%8A%D9%8A%D8%B1%D8%A7%20%D8%A7%D8%B3%D8%AA%D9%8A%D8%AA%D8%B3%20-%20%D9%83%D9%86%D8%AA%20%D8%A8%D8%B3%D8%A7%D9%84%20%D9%84%D9%88%20%D8%A7%D9%84%D9%88%D8%AD%D8%AF%D9%87%20%D8%A7%D9%84%D9%8A%20%D8%AD%D8%B6%D8%B1%D8%AA%D9%83%20%D9%83%D9%86%D8%AA%20%D8%B9%D8%A7%D8%B1%D8%B6%D9%87%D8%A7%20%D9%85%D8%AA%D8%A7%D8%AD%D9%87%20%D8%9F%20%D9%85%D8%B9%D8%A7%D9%86%D8%A7%20%D8%A7%D9%83%D8%AA%D8%B1%20%D9%85%D9%86%20%D8%B9%D9%85%D9%8A%D9%84%20%D9%85%D9%87%D8%AA%D9%85%20%D8%B3%D9%88%D8%A7%D8%A1%20%D8%A8%D9%8A%D8%B9%20%D8%A7%D9%88%20%D8%A7%D9%8A%D8%AC%D8%A7%D8%B1%20%D8%A8%D8%A7%D8%B0%D9%86%20%D8%A7%D9%84%D9%84%D9%87%20-%20%D8%A7%D8%B3%D8%AA%D8%A7%D8%B0%D9%86%20%D8%AD%D8%B6%D8%B1%D8%AA%D9%83%20%D8%A8%D8%B3%20%D8%A7%D8%B1%D8%B3%D9%84%D9%86%D8%A7%20%D8%A7%D9%84%D9%85%D8%B9%D9%84%D9%88%D9%85%D8%A7%D8%AA%20%D8%A7%D9%83%D9%88%D9%86%20%D8%B4%D8%A7%D9%83%D8%B1%20%D9%84%D8%AD%D8%B6%D8%B1%D8%AA%D9%83%20%D8%AC%D8%AF%D8%A7,Pending
201272617514,+201272617514,+20 12 72617514,SE-WA-13588,Hyde Park,Sale,,"مساء الخيرات , يارب تكون بخير - مع حضرتك احمد فوزي من سييرا استيتس - كنت بسال لو الوحده الي حضرتك كنت عارضها متاحه ؟ معانا اكتر من عميل مهتم سواء بيع او ايجار باذن الله - استاذن حضرتك بس ارسلنا المعلومات اكون شاكر لحضرتك جدا",https://wa.me/201272617514?text=%D9%85%D8%B3%D8%A7%D8%A1%20%D8%A7%D9%84%D8%AE%D9%8A%D8%B1%D8%A7%D8%AA%20%2C%20%D9%8A%D8%A7%D8%B1%D8%A8%20%D8%AA%D9%83%D9%88%D9%86%20%D8%A8%D8%AE%D9%8A%D8%B1%20-%20%D9%85%D8%B9%20%D8%AD%D8%B6%D8%B1%D8%AA%D9%83%20%D8%A7%D8%AD%D9%85%D8%AF%20%D9%81%D9%88%D8%B2%D9%8A%20%D9%85%D9%86%20%D8%B3%D9%8A%D9%8A%D8%B1%D8%A7%20%D8%A7%D8%B3%D8%AA%D9%8A%D8%AA%D8%B3%20-%20%D9%83%D9%86%D8%AA%20%D8%A8%D8%B3%D8%A7%D9%84%20%D9%84%D9%88%20%D8%A7%D9%84%D9%88%D8%AD%D8%AF%D9%87%20%D8%A7%D9%84%D9%8A%20%D8%AD%D8%B6%D8%B1%D8%AA%D9%83%20%D9%83%D9%86%D8%AA%20%D8%B9%D8%A7%D8%B1%D8%B6%D9%87%D8%A7%20%D9%85%D8%AA%D8%A7%D8%AD%D9%87%20%D8%9F%20%D9%85%D8%B9%D8%A7%D9%86%D8%A7%20%D8%A7%D9%83%D8%AA%D8%B1%20%D9%85%D9%86%20%D8%B9%D9%85%D9%8A%D9%84%20%D9%85%D9%87%D8%AA%D9%85%20%D8%B3%D9%88%D8%A7%D8%A1%20%D8%A8%D9%8A%D8%B9%20%D8%A7%D9%88%20%D8%A7%D9%8A%D8%AC%D8%A7%D8%B1%20%D8%A8%D8%A7%D8%B0%D9%86%20%D8%A7%D9%84%D9%84%D9%87%20-%20%D8%A7%D8%B3%D8%AA%D8%A7%D8%B0%D9%86%20%D8%AD%D8%B6%D8%B1%D8%AA%D9%83%20%D8%A8%D8%B3%20%D8%A7%D8%B1%D8%B3%D9%84%D9%86%D8%A7%20%D8%A7%D9%84%D9%85%D8%B9%D9%84%D9%88%D9%85%D8%A7%D8%AA%20%D8%A7%D9%83%D9%88%D9%86%20%D8%B4%D8%A7%D9%83%D8%B1%20%D9%84%D8%AD%D8%B6%D8%B1%D8%AA%D9%83%20%D8%AC%D8%AF%D8%A7,Pending
201006880040,+201006880040,+20 10 06880040,SE-WA-14616,New Cairo,Sale,,"مساء الخيرات , يارب تكون بخير - مع حضرتك احمد فوزي من سييرا استيتس - كنت بسال لو الوحده الي حضرتك كنت عارضها متاحه ؟ معانا اكتر من عميل مهتم سواء بيع او ايجار باذن الله - استاذن حضرتك بس ارسلنا المعلومات اكون شاكر لحضرتك جدا",https://wa.me/201006880040?text=%D9%85%D8%B3%D8%A7%D8%A1%20%D8%A7%D9%84%D8%AE%D9%8A%D8%B1%D8%A7%D8%AA%20%2C%20%D9%8A%D8%A7%D8%B1%D8%A8%20%D8%AA%D9%83%D9%88%D9%86%20%D8%A8%D8%AE%D9%8A%D8%B1%20-%20%D9%85%D8%B9%20%D8%AD%D8%B6%D8%B1%D8%AA%D9%83%20%D8%A7%D8%AD%D9%85%D8%AF%20%D9%81%D9%88%D8%B2%D9%8A%20%D9%85%D9%86%20%D8%B3%D9%8A%D9%8A%D8%B1%D8%A7%20%D8%A7%D8%B3%D8%AA%D9%8A%D8%AA%D8%B3%20-%20%D9%83%D9%86%D8%AA%20%D8%A8%D8%B3%D8%A7%D9%84%20%D9%84%D9%88%20%D8%A7%D9%84%D9%88%D8%AD%D8%AF%D9%87%20%D8%A7%D9%84%D9%8A%20%D8%AD%D8%B6%D8%B1%D8%AA%D9%83%20%D9%83%D9%86%D8%AA%20%D8%B9%D8%A7%D8%B1%D8%B6%D9%87%D8%A7%20%D9%85%D8%AA%D8%A7%D8%AD%D9%87%20%D8%9F%20%D9%85%D8%B9%D8%A7%D9%86%D8%A7%20%D8%A7%D9%83%D8%AA%D8%B1%20%D9%85%D9%86%20%D8%B9%D9%85%D9%8A%D9%84%20%D9%85%D9%87%D8%AA%D9%85%20%D8%B3%D9%88%D8%A7%D8%A1%20%D8%A8%D9%8A%D8%B9%20%D8%A7%D9%88%20%D8%A7%D9%8A%D8%AC%D8%A7%D8%B1%20%D8%A8%D8%A7%D8%B0%D9%86%20%D8%A7%D9%84%D9%84%D9%87%20-%20%D8%A7%D8%B3%D8%AA%D8%A7%D8%B0%D9%86%20%D8%AD%D8%B6%D8%B1%D8%AA%D9%83%20%D8%A8%D8%B3%20%D8%A7%D8%B1%D8%B3%D9%84%D9%86%D8%A7%20%D8%A7%D9%84%D9%85%D8%B9%D9%84%D9%88%D9%85%D8%A7%D8%AA%20%D8%A7%D9%83%D9%88%D9%86%20%D8%B4%D8%A7%D9%83%D8%B1%20%D9%84%D8%AD%D8%B6%D8%B1%D8%AA%D9%83%20%D8%AC%D8%AF%D8%A7,Pending
201207121523,+201207121523,+20 12 07121523,SE-WA-14817,Al Rehab,Sale,,"مساء الخيرات , يارب تكون بخير - مع حضرتك احمد فوزي من سييرا استيتس - كنت بسال لو الوحده الي حضرتك كنت عارضها متاحه ؟ معانا اكتر من عميل مهتم سواء بيع او ايجار باذن الله - استاذن حضرتك بس ارسلنا المعلومات اكون شاكر لحضرتك جدا",https://wa.me/201207121523?text=%D9%85%D8%B3%D8%A7%D8%A1%20%D8%A7%D9%84%D8%AE%D9%8A%D8%B1%D8%A7%D8%AA%20%2C%20%D9%8A%D8%A7%D8%B1%D8%A8%20%D8%AA%D9%83%D9%88%D9%86%20%D8%A8%D8%AE%D9%8A%D8%B1%20-%20%D9%85%D8%B9%20%D8%AD%D8%B6%D8%B1%D8%AA%D9%83%20%D8%A7%D8%AD%D9%85%D8%AF%20%D9%81%D9%88%D8%B2%D9%8A%20%D9%85%D9%86%20%D8%B3%D9%8A%D9%8A%D8%B1%D8%A7%20%D8%A7%D8%B3%D8%AA%D9%8A%D8%AA%D8%B3%20-%20%D9%83%D9%86%D8%AA%20%D8%A8%D8%B3%D8%A7%D9%84%20%D9%84%D9%88%20%D8%A7%D9%84%D9%88%D8%AD%D8%AF%D9%87%20%D8%A7%D9%84%D9%8A%20%D8%AD%D8%B6%D8%B1%D8%AA%D9%83%20%D9%83%D9%86%D8%AA%20%D8%B9%D8%A7%D8%B1%D8%B6%D9%87%D8%A7%20%D9%85%D8%AA%D8%A7%D8%AD%D9%87%20%D8%9F%20%D9%85%D8%B9%D8%A7%D9%86%D8%A7%20%D8%A7%D9%83%D8%AA%D8%B1%20%D9%85%D9%86%20%D8%B9%D9%85%D9%8A%D9%84%20%D9%85%D9%87%D8%AA%D9%85%20%D8%B3%D9%88%D8%A7%D8%A1%20%D8%A8%D9%8A%D8%B9%20%D8%A7%D9%88%20%D8%A7%D9%8A%D8%AC%D8%A7%D8%B1%20%D8%A8%D8%A7%D8%B0%D9%86%20%D8%A7%D9%84%D9%84%D9%87%20-%20%D8%A7%D8%B3%D8%AA%D8%A7%D8%B0%D9%86%20%D8%AD%D8%B6%D8%B1%D8%AA%D9%83%20%D8%A8%D8%B3%20%D8%A7%D8%B1%D8%B3%D9%84%D9%86%D8%A7%20%D8%A7%D9%84%D9%85%D8%B9%D9%84%D9%88%D9%85%D8%A7%D8%AA%20%D8%A7%D9%83%D9%88%D9%86%20%D8%B4%D8%A7%D9%83%D8%B1%20%D9%84%D8%AD%D8%B6%D8%B1%D8%AA%D9%83%20%D8%AC%D8%AF%D8%A7,Pending
201114228877,+201114228877,@mohamed42288,SE-WA-14952,New Cairo,Sale,,"مساء الخيرات , يارب تكون بخير - مع حضرتك احمد فوزي من سييرا استيتس - كنت بسال لو الوحده الي حضرتك كنت عارضها متاحه ؟ معانا اكتر من عميل مهتم سواء بيع او ايجار باذن الله - استاذن حضرتك بس ارسلنا المعلومات اكون شاكر لحضرتك جدا",https://wa.me/201114228877?text=%D9%85%D8%B3%D8%A7%D8%A1%20%D8%A7%D9%84%D8%AE%D9%8A%D8%B1%D8%A7%D8%AA%20%2C%20%D9%8A%D8%A7%D8%B1%D8%A8%20%D8%AA%D9%83%D9%88%D9%86%20%D8%A8%D8%AE%D9%8A%D8%B1%20-%20%D9%85%D8%B9%20%D8%AD%D8%B6%D8%B1%D8%AA%D9%83%20%D8%A7%D8%AD%D9%85%D8%AF%20%D9%81%D9%88%D8%B2%D9%8A%20%D9%85%D9%86%20%D8%B3%D9%8A%D9%8A%D8%B1%D8%A7%20%D8%A7%D8%B3%D8%AA%D9%8A%D8%AA%D8%B3%20-%20%D9%83%D9%86%D8%AA%20%D8%A8%D8%B3%D8%A7%D9%84%20%D9%84%D9%88%20%D8%A7%D9%84%D9%88%D8%AD%D8%AF%D9%87%20%D8%A7%D9%84%D9%8A%20%D8%AD%D8%B6%D8%B1%D8%AA%D9%83%20%D9%83%D9%86%D8%AA%20%D8%B9%D8%A7%D8%B1%D8%B6%D9%87%D8%A7%20%D9%85%D8%AA%D8%A7%D8%AD%D9%87%20%D8%9F%20%D9%85%D8%B9%D8%A7%D9%86%D8%A7%20%D8%A7%D9%83%D8%AA%D8%B1%20%D9%85%D9%86%20%D8%B9%D9%85%D9%8A%D9%84%20%D9%85%D9%87%D8%AA%D9%85%20%D8%B3%D9%88%D8%A7%D8%A1%20%D8%A8%D9%8A%D8%B9%20%D8%A7%D9%88%20%D8%A7%D9%8A%D8%AC%D8%A7%D8%B1%20%D8%A8%D8%A7%D8%B0%D9%86%20%D8%A7%D9%84%D9%84%D9%87%20-%20%D8%A7%D8%B3%D8%AA%D8%A7%D8%B0%D9%86%20%D8%AD%D8%B6%D8%B1%D8%AA%D9%83%20%D8%A8%D8%B3%20%D8%A7%D8%B1%D8%B3%D9%84%D9%86%D8%A7%20%D8%A7%D9%84%D9%85%D8%B9%D9%84%D9%88%D9%85%D8%A7%D8%AA%20%D8%A7%D9%83%D9%88%D9%86%20%D8%B4%D8%A7%D9%83%D8%B1%20%D9%84%D8%AD%D8%B6%D8%B1%D8%AA%D9%83%20%D8%AC%D8%AF%D8%A7,Pending
201286000255,+201286000255,+20 12 27372974,SE-WA-15600,New Cairo,Rent,,"مساء الخيرات , يارب تكون بخير - مع حضرتك احمد فوزي من سييرا استيتس - كنت بسال لو الوحده الي حضرتك كنت عارضها متاحه ؟ معانا اكتر من عميل مهتم سواء بيع او ايجار باذن الله - استاذن حضرتك بس ارسلنا المعلومات اكون شاكر لحضرتك جدا",https://wa.me/201286000255?text=%D9%85%D8%B3%D8%A7%D8%A1%20%D8%A7%D9%84%D8%AE%D9%8A%D8%B1%D8%A7%D8%AA%20%2C%20%D9%8A%D8%A7%D8%B1%D8%A8%20%D8%AA%D9%83%D9%88%D9%86%20%D8%A8%D8%AE%D9%8A%D8%B1%20-%20%D9%85%D8%B9%20%D8%AD%D8%B6%D8%B1%D8%AA%D9%83%20%D8%A7%D8%AD%D9%85%D8%AF%20%D9%81%D9%88%D8%B2%D9%8A%20%D9%85%D9%86%20%D8%B3%D9%8A%D9%8A%D8%B1%D8%A7%20%D8%A7%D8%B3%D8%AA%D9%8A%D8%AA%D8%B3%20-%20%D9%83%D9%86%D8%AA%20%D8%A8%D8%B3%D8%A7%D9%84%20%D9%84%D9%88%20%D8%A7%D9%84%D9%88%D8%AD%D8%AF%D9%87%20%D8%A7%D9%84%D9%8A%20%D8%AD%D8%B6%D8%B1%D8%AA%D9%83%20%D9%83%D9%86%D8%AA%20%D8%B9%D8%A7%D8%B1%D8%B6%D9%87%D8%A7%20%D9%85%D8%AA%D8%A7%D8%AD%D9%87%20%D8%9F%20%D9%85%D8%B9%D8%A7%D9%86%D8%A7%20%D8%A7%D9%83%D8%AA%D8%B1%20%D9%85%D9%86%20%D8%B9%D9%85%D9%8A%D9%84%20%D9%85%D9%87%D8%AA%D9%85%20%D8%B3%D9%88%D8%A7%D8%A1%20%D8%A8%D9%8A%D8%B9%20%D8%A7%D9%88%20%D8%A7%D9%8A%D8%AC%D8%A7%D8%B1%20%D8%A8%D8%A7%D8%B0%D9%86%20%D8%A7%D9%84%D9%84%D9%87%20-%20%D8%A7%D8%B3%D8%AA%D8%A7%D8%B0%D9%86%20%D8%AD%D8%B6%D8%B1%D8%AA%D9%83%20%D8%A8%D8%B3%20%D8%A7%D8%B1%D8%B3%D9%84%D9%86%D8%A7%20%D8%A7%D9%84%D9%85%D8%B9%D9%84%D9%88%D9%85%D8%A7%D8%AA%20%D8%A7%D9%83%D9%88%D9%86%20%D8%B4%D8%A7%D9%83%D8%B1%20%D9%84%D8%AD%D8%B6%D8%B1%D8%AA%D9%83%20%D8%AC%D8%AF%D8%A7,Pending
201288313332,+201288313332,+20 12 27372974,SE-WA-15600,New Cairo,Rent,,"مساء الخيرات , يارب تكون بخير - مع حضرتك احمد فوزي من سييرا استيتس - كنت بسال لو الوحده الي حضرتك كنت عارضها متاحه ؟ معانا اكتر من عميل مهتم سواء بيع او ايجار باذن الله - استاذن حضرتك بس ارسلنا المعلومات اكون شاكر لحضرتك جدا",https://wa.me/201288313332?text=%D9%85%D8%B3%D8%A7%D8%A1%20%D8%A7%D9%84%D8%AE%D9%8A%D8%B1%D8%A7%D8%AA%20%2C%20%D9%8A%D8%A7%D8%B1%D8%A8%20%D8%AA%D9%83%D9%88%D9%86%20%D8%A8%D8%AE%D9%8A%D8%B1%20-%20%D9%85%D8%B9%20%D8%AD%D8%B6%D8%B1%D8%AA%D9%83%20%D8%A7%D8%AD%D9%85%D8%AF%20%D9%81%D9%88%D8%B2%D9%8A%20%D9%85%D9%86%20%D8%B3%D9%8A%D9%8A%D8%B1%D8%A7%20%D8%A7%D8%B3%D8%AA%D9%8A%D8%AA%D8%B3%20-%20%D9%83%D9%86%D8%AA%20%D8%A8%D8%B3%D8%A7%D9%84%20%D9%84%D9%88%20%D8%A7%D9%84%D9%88%D8%AD%D8%AF%D9%87%20%D8%A7%D9%84%D9%8A%20%D8%AD%D8%B6%D8%B1%D8%AA%D9%83%20%D9%83%D9%86%D8%AA%20%D8%B9%D8%A7%D8%B1%D8%B6%D9%87%D8%A7%20%D9%85%D8%AA%D8%A7%D8%AD%D9%87%20%D8%9F%20%D9%85%D8%B9%D8%A7%D9%86%D8%A7%20%D8%A7%D9%83%D8%AA%D8%B1%20%D9%85%D9%86%20%D8%B9%D9%85%D9%8A%D9%84%20%D9%85%D9%87%D8%AA%D9%85%20%D8%B3%D9%88%D8%A7%D8%A1%20%D8%A8%D9%8A%D8%B9%20%D8%A7%D9%88%20%D8%A7%D9%8A%D8%AC%D8%A7%D8%B1%20%D8%A8%D8%A7%D8%B0%D9%86%20%D8%A7%D9%84%D9%84%D9%87%20-%20%D8%A7%D8%B3%D8%AA%D8%A7%D8%B0%D9%86%20%D8%AD%D8%B6%D8%B1%D8%AA%D9%83%20%D8%A8%D8%B3%20%D8%A7%D8%B1%D8%B3%D9%84%D9%86%D8%A7%20%D8%A7%D9%84%D9%85%D8%B9%D9%84%D9%88%D9%85%D8%A7%D8%AA%20%D8%A7%D9%83%D9%88%D9%86%20%D8%B4%D8%A7%D9%83%D8%B1%20%D9%84%D8%AD%D8%B6%D8%B1%D8%AA%D9%83%20%D8%AC%D8%AF%D8%A7,Pending
201227372974,+201227372974,+20 12 27372974,SE-WA-15600,New Cairo,Rent,,"مساء الخيرات , يارب تكون بخير - مع حضرتك احمد فوزي من سييرا استيتس - كنت بسال لو الوحده الي حضرتك كنت عارضها متاحه ؟ معانا اكتر من عميل مهتم سواء بيع او ايجار باذن الله - استاذن حضرتك بس ارسلنا المعلومات اكون شاكر لحضرتك جدا",https://wa.me/201227372974?text=%D9%85%D8%B3%D8%A7%D8%A1%20%D8%A7%D9%84%D8%AE%D9%8A%D8%B1%D8%A7%D8%AA%20%2C%20%D9%8A%D8%A7%D8%B1%D8%A8%20%D8%AA%D9%83%D9%88%D9%86%20%D8%A8%D8%AE%D9%8A%D8%B1%20-%20%D9%85%D8%B9%20%D8%AD%D8%B6%D8%B1%D8%AA%D9%83%20%D8%A7%D8%AD%D9%85%D8%AF%20%D9%81%D9%88%D8%B2%D9%8A%20%D9%85%D9%86%20%D8%B3%D9%8A%D9%8A%D8%B1%D8%A7%20%D8%A7%D8%B3%D8%AA%D9%8A%D8%AA%D8%B3%20-%20%D9%83%D9%86%D8%AA%20%D8%A8%D8%B3%D8%A7%D9%84%20%D9%84%D9%88%20%D8%A7%D9%84%D9%88%D8%AD%D8%AF%D9%87%20%D8%A7%D9%84%D9%8A%20%D8%AD%D8%B6%D8%B1%D8%AA%D9%83%20%D9%83%D9%86%D8%AA%20%D8%B9%D8%A7%D8%B1%D8%B6%D9%87%D8%A7%20%D9%85%D8%AA%D8%A7%D8%AD%D9%87%20%D8%9F%20%D9%85%D8%B9%D8%A7%D9%86%D8%A7%20%D8%A7%D9%83%D8%AA%D8%B1%20%D9%85%D9%86%20%D8%B9%D9%85%D9%8A%D9%84%20%D9%85%D9%87%D8%AA%D9%85%20%D8%B3%D9%88%D8%A7%D8%A1%20%D8%A8%D9%8A%D8%B9%20%D8%A7%D9%88%20%D8%A7%D9%8A%D8%AC%D8%A7%D8%B1%20%D8%A8%D8%A7%D8%B0%D9%86%20%D8%A7%D9%84%D9%84%D9%87%20-%20%D8%A7%D8%B3%D8%AA%D8%A7%D8%B0%D9%86%20%D8%AD%D8%B6%D8%B1%D8%AA%D9%83%20%D8%A8%D8%B3%20%D8%A7%D8%B1%D8%B3%D9%84%D9%86%D8%A7%20%D8%A7%D9%84%D9%85%D8%B9%D9%84%D9%88%D9%85%D8%A7%D8%AA%20%D8%A7%D9%83%D9%88%D9%86%20%D8%B4%D8%A7%D9%83%D8%B1%20%D9%84%D8%AD%D8%B6%D8%B1%D8%AA%D9%83%20%D8%AC%D8%AF%D8%A7,Pending
201006559404,+201006559404,+20 12 27372974,SE-WA-15796,New Cairo,Sale,,"مساء الخيرات , يارب تكون بخير - مع حضرتك احمد فوزي من سييرا استيتس - كنت بسال لو الوحده الي حضرتك كنت عارضها متاحه ؟ معانا اكتر من عميل مهتم سواء بيع او ايجار باذن الله - استاذن حضرتك بس ارسلنا المعلومات اكون شاكر لحضرتك جدا",https://wa.me/201006559404?text=%D9%85%D8%B3%D8%A7%D8%A1%20%D8%A7%D9%84%D8%AE%D9%8A%D8%B1%D8%A7%D8%AA%20%2C%20%D9%8A%D8%A7%D8%B1%D8%A8%20%D8%AA%D9%83%D9%88%D9%86%20%D8%A8%D8%AE%D9%8A%D8%B1%20-%20%D9%85%D8%B9%20%D8%AD%D8%B6%D8%B1%D8%AA%D9%83%20%D8%A7%D8%AD%D9%85%D8%AF%20%D9%81%D9%88%D8%B2%D9%8A%20%D9%85%D9%86%20%D8%B3%D9%8A%D9%8A%D8%B1%D8%A7%20%D8%A7%D8%B3%D8%AA%D9%8A%D8%AA%D8%B3%20-%20%D9%83%D9%86%D8%AA%20%D8%A8%D8%B3%D8%A7%D9%84%20%D9%84%D9%88%20%D8%A7%D9%84%D9%88%D8%AD%D8%AF%D9%87%20%D8%A7%D9%84%D9%8A%20%D8%AD%D8%B6%D8%B1%D8%AA%D9%83%20%D9%83%D9%86%D8%AA%20%D8%B9%D8%A7%D8%B1%D8%B6%D9%87%D8%A7%20%D9%85%D8%AA%D8%A7%D8%AD%D9%87%20%D8%9F%20%D9%85%D8%B9%D8%A7%D9%86%D8%A7%20%D8%A7%D9%83%D8%AA%D8%B1%20%D9%85%D9%86%20%D8%B9%D9%85%D9%8A%D9%84%20%D9%85%D9%87%D8%AA%D9%85%20%D8%B3%D9%88%D8%A7%D8%A1%20%D8%A8%D9%8A%D8%B9%20%D8%A7%D9%88%20%D8%A7%D9%8A%D8%AC%D8%A7%D8%B1%20%D8%A8%D8%A7%D8%B0%D9%86%20%D8%A7%D9%84%D9%84%D9%87%20-%20%D8%A7%D8%B3%D8%AA%D8%A7%D8%B0%D9%86%20%D8%AD%D8%B6%D8%B1%D8%AA%D9%83%20%D8%A8%D8%B3%20%D8%A7%D8%B1%D8%B3%D9%84%D9%86%D8%A7%20%D8%A7%D9%84%D9%85%D8%B9%D9%84%D9%88%D9%85%D8%A7%D8%AA%20%D8%A7%D9%83%D9%88%D9%86%20%D8%B4%D8%A7%D9%83%D8%B1%20%D9%84%D8%AD%D8%B6%D8%B1%D8%AA%D9%83%20%D8%AC%D8%AF%D8%A7,Pending
201100500062,+201100500062,+20 11 00500062,SE-WA-15834,New Cairo,Rent,,"مساء الخيرات , يارب تكون بخير - مع حضرتك احمد فوزي من سييرا استيتس - كنت بسال لو الوحده الي حضرتك كنت عارضها متاحه ؟ معانا اكتر من عميل مهتم سواء بيع او ايجار باذن الله - استاذن حضرتك بس ارسلنا المعلومات اكون شاكر لحضرتك جدا",https://wa.me/201100500062?text=%D9%85%D8%B3%D8%A7%D8%A1%20%D8%A7%D9%84%D8%AE%D9%8A%D8%B1%D8%A7%D8%AA%20%2C%20%D9%8A%D8%A7%D8%B1%D8%A8%20%D8%AA%D9%83%D9%88%D9%86%20%D8%A8%D8%AE%D9%8A%D8%B1%20-%20%D9%85%D8%B9%20%D8%AD%D8%B6%D8%B1%D8%AA%D9%83%20%D8%A7%D8%AD%D9%85%D8%AF%20%D9%81%D9%88%D8%B2%D9%8A%20%D9%85%D9%86%20%D8%B3%D9%8A%D9%8A%D8%B1%D8%A7%20%D8%A7%D8%B3%D8%AA%D9%8A%D8%AA%D8%B3%20-%20%D9%83%D9%86%D8%AA%20%D8%A8%D8%B3%D8%A7%D9%84%20%D9%84%D9%88%20%D8%A7%D9%84%D9%88%D8%AD%D8%AF%D9%87%20%D8%A7%D9%84%D9%8A%20%D8%AD%D8%B6%D8%B1%D8%AA%D9%83%20%D9%83%D9%86%D8%AA%20%D8%B9%D8%A7%D8%B1%D8%B6%D9%87%D8%A7%20%D9%85%D8%AA%D8%A7%D8%AD%D9%87%20%D8%9F%20%D9%85%D8%B9%D8%A7%D9%86%D8%A7%20%D8%A7%D9%83%D8%AA%D8%B1%20%D9%85%D9%86%20%D8%B9%D9%85%D9%8A%D9%84%20%D9%85%D9%87%D8%AA%D9%85%20%D8%B3%D9%88%D8%A7%D8%A1%20%D8%A8%D9%8A%D8%B9%20%D8%A7%D9%88%20%D8%A7%D9%8A%D8%AC%D8%A7%D8%B1%20%D8%A8%D8%A7%D8%B0%D9%86%20%D8%A7%D9%84%D9%84%D9%87%20-%20%D8%A7%D8%B3%D8%AA%D8%A7%D8%B0%D9%86%20%D8%AD%D8%B6%D8%B1%D8%AA%D9%83%20%D8%A8%D8%B3%20%D8%A7%D8%B1%D8%B3%D9%84%D9%86%D8%A7%20%D8%A7%D9%84%D9%85%D8%B9%D9%84%D9%88%D9%85%D8%A7%D8%AA%20%D8%A7%D9%83%D9%88%D9%86%20%D8%B4%D8%A7%D9%83%D8%B1%20%D9%84%D8%AD%D8%B6%D8%B1%D8%AA%D9%83%20%D8%AC%D8%AF%D8%A7,Pending
201019138668,+201019138668,+20 10 19138668,SE-WA-15987,New Cairo,Rent,,"مساء الخيرات , يارب تكون بخير - مع حضرتك احمد فوزي من سييرا استيتس - كنت بسال لو الوحده الي حضرتك كنت عارضها متاحه ؟ معانا اكتر من عميل مهتم سواء بيع او ايجار باذن الله - استاذن حضرتك بس ارسلنا المعلومات اكون شاكر لحضرتك جدا",https://wa.me/201019138668?text=%D9%85%D8%B3%D8%A7%D8%A1%20%D8%A7%D9%84%D8%AE%D9%8A%D8%B1%D8%A7%D8%AA%20%2C%20%D9%8A%D8%A7%D8%B1%D8%A8%20%D8%AA%D9%83%D9%88%D9%86%20%D8%A8%D8%AE%D9%8A%D8%B1%20-%20%D9%85%D8%B9%20%D8%AD%D8%B6%D8%B1%D8%AA%D9%83%20%D8%A7%D8%AD%D9%85%D8%AF%20%D9%81%D9%88%D8%B2%D9%8A%20%D9%85%D9%86%20%D8%B3%D9%8A%D9%8A%D8%B1%D8%A7%20%D8%A7%D8%B3%D8%AA%D9%8A%D8%AA%D8%B3%20-%20%D9%83%D9%86%D8%AA%20%D8%A8%D8%B3%D8%A7%D9%84%20%D9%84%D9%88%20%D8%A7%D9%84%D9%88%D8%AD%D8%AF%D9%87%20%D8%A7%D9%84%D9%8A%20%D8%AD%D8%B6%D8%B1%D8%AA%D9%83%20%D9%83%D9%86%D8%AA%20%D8%B9%D8%A7%D8%B1%D8%B6%D9%87%D8%A7%20%D9%85%D8%AA%D8%A7%D8%AD%D9%87%20%D8%9F%20%D9%85%D8%B9%D8%A7%D9%86%D8%A7%20%D8%A7%D9%83%D8%AA%D8%B1%20%D9%85%D9%86%20%D8%B9%D9%85%D9%8A%D9%84%20%D9%85%D9%87%D8%AA%D9%85%20%D8%B3%D9%88%D8%A7%D8%A1%20%D8%A8%D9%8A%D8%B9%20%D8%A7%D9%88%20%D8%A7%D9%8A%D8%AC%D8%A7%D8%B1%20%D8%A8%D8%A7%D8%B0%D9%86%20%D8%A7%D9%84%D9%84%D9%87%20-%20%D8%A7%D8%B3%D8%AA%D8%A7%D8%B0%D9%86%20%D8%AD%D8%B6%D8%B1%D8%AA%D9%83%20%D8%A8%D8%B3%20%D8%A7%D8%B1%D8%B3%D9%84%D9%86%D8%A7%20%D8%A7%D9%84%D9%85%D8%B9%D9%84%D9%88%D9%85%D8%A7%D8%AA%20%D8%A7%D9%83%D9%88%D9%86%20%D8%B4%D8%A7%D9%83%D8%B1%20%D9%84%D8%AD%D8%B6%D8%B1%D8%AA%D9%83%20%D8%AC%D8%AF%D8%A7,Pending
201505098668,+201505098668,+20 10 19138668,SE-WA-16806,New Cairo,Rent,,"مساء الخيرات , يارب تكون بخير - مع حضرتك احمد فوزي من سييرا استيتس - كنت بسال لو الوحده الي حضرتك كنت عارضها متاحه ؟ معانا اكتر من عميل مهتم سواء بيع او ايجار باذن الله - استاذن حضرتك بس ارسلنا المعلومات اكون شاكر لحضرتك جدا",https://wa.me/201505098668?text=%D9%85%D8%B3%D8%A7%D8%A1%20%D8%A7%D9%84%D8%AE%D9%8A%D8%B1%D8%A7%D8%AA%20%2C%20%D9%8A%D8%A7%D8%B1%D8%A8%20%D8%AA%D9%83%D9%88%D9%86%20%D8%A8%D8%AE%D9%8A%D8%B1%20-%20%D9%85%D8%B9%20%D8%AD%D8%B6%D8%B1%D8%AA%D9%83%20%D8%A7%D8%AD%D9%85%D8%AF%20%D9%81%D9%88%D8%B2%D9%8A%20%D9%85%D9%86%20%D8%B3%D9%8A%D9%8A%D8%B1%D8%A7%20%D8%A7%D8%B3%D8%AA%D9%8A%D8%AA%D8%B3%20-%20%D9%83%D9%86%D8%AA%20%D8%A8%D8%B3%D8%A7%D9%84%20%D9%84%D9%88%20%D8%A7%D9%84%D9%88%D8%AD%D8%AF%D9%87%20%D8%A7%D9%84%D9%8A%20%D8%AD%D8%B6%D8%B1%D8%AA%D9%83%20%D9%83%D9%86%D8%AA%20%D8%B9%D8%A7%D8%B1%D8%B6%D9%87%D8%A7%20%D9%85%D8%AA%D8%A7%D8%AD%D9%87%20%D8%9F%20%D9%85%D8%B9%D8%A7%D9%86%D8%A7%20%D8%A7%D9%83%D8%AA%D8%B1%20%D9%85%D9%86%20%D8%B9%D9%85%D9%8A%D9%84%20%D9%85%D9%87%D8%AA%D9%85%20%D8%B3%D9%88%D8%A7%D8%A1%20%D8%A8%D9%8A%D8%B9%20%D8%A7%D9%88%20%D8%A7%D9%8A%D8%AC%D8%A7%D8%B1%20%D8%A8%D8%A7%D8%B0%D9%86%20%D8%A7%D9%84%D9%84%D9%87%20-%20%D8%A7%D8%B3%D8%AA%D8%A7%D8%B0%D9%86%20%D8%AD%D8%B6%D8%B1%D8%AA%D9%83%20%D8%A8%D8%B3%20%D8%A7%D8%B1%D8%B3%D9%84%D9%86%D8%A7%20%D8%A7%D9%84%D9%85%D8%B9%D9%84%D9%88%D9%85%D8%A7%D8%AA%20%D8%A7%D9%83%D9%88%D9%86%20%D8%B4%D8%A7%D9%83%D8%B1%20%D9%84%D8%AD%D8%B6%D8%B1%D8%AA%D9%83%20%D8%AC%D8%AF%D8%A7,Pending
201060673054,+201060673054,+20 10 60673054,SE-WA-17398,New Cairo,Sale,,"مساء الخيرات , يارب تكون بخير - مع حضرتك احمد فوزي من سييرا استيتس - كنت بسال لو الوحده الي حضرتك كنت عارضها متاحه ؟ معانا اكتر من عميل مهتم سواء بيع او ايجار باذن الله - استاذن حضرتك بس ارسلنا المعلومات اكون شاكر لحضرتك جدا",https://wa.me/201060673054?text=%D9%85%D8%B3%D8%A7%D8%A1%20%D8%A7%D9%84%D8%AE%D9%8A%D8%B1%D8%A7%D8%AA%20%2C%20%D9%8A%D8%A7%D8%B1%D8%A8%20%D8%AA%D9%83%D9%88%D9%86%20%D8%A8%D8%AE%D9%8A%D8%B1%20-%20%D9%85%D8%B9%20%D8%AD%D8%B6%D8%B1%D8%AA%D9%83%20%D8%A7%D8%AD%D9%85%D8%AF%20%D9%81%D9%88%D8%B2%D9%8A%20%D9%85%D9%86%20%D8%B3%D9%8A%D9%8A%D8%B1%D8%A7%20%D8%A7%D8%B3%D8%AA%D9%8A%D8%AA%D8%B3%20-%20%D9%83%D9%86%D8%AA%20%D8%A8%D8%B3%D8%A7%D9%84%20%D9%84%D9%88%20%D8%A7%D9%84%D9%88%D8%AD%D8%AF%D9%87%20%D8%A7%D9%84%D9%8A%20%D8%AD%D8%B6%D8%B1%D8%AA%D9%83%20%D9%83%D9%86%D8%AA%20%D8%B9%D8%A7%D8%B1%D8%B6%D9%87%D8%A7%20%D9%85%D8%AA%D8%A7%D8%AD%D9%87%20%D8%9F%20%D9%85%D8%B9%D8%A7%D9%86%D8%A7%20%D8%A7%D9%83%D8%AA%D8%B1%20%D9%85%D9%86%20%D8%B9%D9%85%D9%8A%D9%84%20%D9%85%D9%87%D8%AA%D9%85%20%D8%B3%D9%88%D8%A7%D8%A1%20%D8%A8%D9%8A%D8%B9%20%D8%A7%D9%88%20%D8%A7%D9%8A%D8%AC%D8%A7%D8%B1%20%D8%A8%D8%A7%D8%B0%D9%86%20%D8%A7%D9%84%D9%84%D9%87%20-%20%D8%A7%D8%B3%D8%AA%D8%A7%D8%B0%D9%86%20%D8%AD%D8%B6%D8%B1%D8%AA%D9%83%20%D8%A8%D8%B3%20%D8%A7%D8%B1%D8%B3%D9%84%D9%86%D8%A7%20%D8%A7%D9%84%D9%85%D8%B9%D9%84%D9%88%D9%85%D8%A7%D8%AA%20%D8%A7%D9%83%D9%88%D9%86%20%D8%B4%D8%A7%D9%83%D8%B1%20%D9%84%D8%AD%D8%B6%D8%B1%D8%AA%D9%83%20%D8%AC%D8%AF%D8%A7,Pending
201203634003,+201203634003,Direct / Owner Group,SE-WA-19060,New Cairo,Sale,,"مساء الخيرات , يارب تكون بخير - مع حضرتك احمد فوزي من سييرا استيتس - كنت بسال لو الوحده الي حضرتك كنت عارضها متاحه ؟ معانا اكتر من عميل مهتم سواء بيع او ايجار باذن الله - استاذن حضرتك بس ارسلنا المعلومات اكون شاكر لحضرتك جدا",https://wa.me/201203634003?text=%D9%85%D8%B3%D8%A7%D8%A1%20%D8%A7%D9%84%D8%AE%D9%8A%D8%B1%D8%A7%D8%AA%20%2C%20%D9%8A%D8%A7%D8%B1%D8%A8%20%D8%AA%D9%83%D9%88%D9%86%20%D8%A8%D8%AE%D9%8A%D8%B1%20-%20%D9%85%D8%B9%20%D8%AD%D8%B6%D8%B1%D8%AA%D9%83%20%D8%A7%D8%AD%D9%85%D8%AF%20%D9%81%D9%88%D8%B2%D9%8A%20%D9%85%D9%86%20%D8%B3%D9%8A%D9%8A%D8%B1%D8%A7%20%D8%A7%D8%B3%D8%AA%D9%8A%D8%AA%D8%B3%20-%20%D9%83%D9%86%D8%AA%20%D8%A8%D8%B3%D8%A7%D9%84%20%D9%84%D9%88%20%D8%A7%D9%84%D9%88%D8%AD%D8%AF%D9%87%20%D8%A7%D9%84%D9%8A%20%D8%AD%D8%B6%D8%B1%D8%AA%D9%83%20%D9%83%D9%86%D8%AA%20%D8%B9%D8%A7%D8%B1%D8%B6%D9%87%D8%A7%20%D9%85%D8%AA%D8%A7%D8%AD%D9%87%20%D8%9F%20%D9%85%D8%B9%D8%A7%D9%86%D8%A7%20%D8%A7%D9%83%D8%AA%D8%B1%20%D9%85%D9%86%20%D8%B9%D9%85%D9%8A%D9%84%20%D9%85%D9%87%D8%AA%D9%85%20%D8%B3%D9%88%D8%A7%D8%A1%20%D8%A8%D9%8A%D8%B9%20%D8%A7%D9%88%20%D8%A7%D9%8A%D8%AC%D8%A7%D8%B1%20%D8%A8%D8%A7%D8%B0%D9%86%20%D8%A7%D9%84%D9%84%D9%87%20-%20%D8%A7%D8%B3%D8%AA%D8%A7%D8%B0%D9%86%20%D8%AD%D8%B6%D8%B1%D8%AA%D9%83%20%D8%A8%D8%B3%20%D8%A7%D8%B1%D8%B3%D9%84%D9%86%D8%A7%20%D8%A7%D9%84%D9%85%D8%B9%D9%84%D9%88%D9%85%D8%A7%D8%AA%20%D8%A7%D9%83%D9%88%D9%86%20%D8%B4%D8%A7%D9%83%D8%B1%20%D9%84%D8%AD%D8%B6%D8%B1%D8%AA%D9%83%20%D8%AC%D8%AF%D8%A7,Pending
201203634253,+201203634253,Direct / Owner Group,SE-WA-19064,New Cairo,Sale,,"مساء الخيرات , يارب تكون بخير - مع حضرتك احمد فوزي من سييرا استيتس - كنت بسال لو الوحده الي حضرتك كنت عارضها متاحه ؟ معانا اكتر من عميل مهتم سواء بيع او ايجار باذن الله - استاذن حضرتك بس ارسلنا المعلومات اكون شاكر لحضرتك جدا",https://wa.me/201203634253?text=%D9%85%D8%B3%D8%A7%D8%A1%20%D8%A7%D9%84%D8%AE%D9%8A%D8%B1%D8%A7%D8%AA%20%2C%20%D9%8A%D8%A7%D8%B1%D8%A8%20%D8%AA%D9%83%D9%88%D9%86%20%D8%A8%D8%AE%D9%8A%D8%B1%20-%20%D9%85%D8%B9%20%D8%AD%D8%B6%D8%B1%D8%AA%D9%83%20%D8%A7%D8%AD%D9%85%D8%AF%20%D9%81%D9%88%D8%B2%D9%8A%20%D9%85%D9%86%20%D8%B3%D9%8A%D9%8A%D8%B1%D8%A7%20%D8%A7%D8%B3%D8%AA%D9%8A%D8%AA%D8%B3%20-%20%D9%83%D9%86%D8%AA%20%D8%A8%D8%B3%D8%A7%D9%84%20%D9%84%D9%88%20%D8%A7%D9%84%D9%88%D8%AD%D8%AF%D9%87%20%D8%A7%D9%84%D9%8A%20%D8%AD%D8%B6%D8%B1%D8%AA%D9%83%20%D9%83%D9%86%D8%AA%20%D8%B9%D8%A7%D8%B1%D8%B6%D9%87%D8%A7%20%D9%85%D8%AA%D8%A7%D8%AD%D9%87%20%D8%9F%20%D9%85%D8%B9%D8%A7%D9%86%D8%A7%20%D8%A7%D9%83%D8%AA%D8%B1%20%D9%85%D9%86%20%D8%B9%D9%85%D9%8A%D9%84%20%D9%85%D9%87%D8%AA%D9%85%20%D8%B3%D9%88%D8%A7%D8%A1%20%D8%A8%D9%8A%D8%B9%20%D8%A7%D9%88%20%D8%A7%D9%8A%D8%AC%D8%A7%D8%B1%20%D8%A8%D8%A7%D8%B0%D9%86%20%D8%A7%D9%84%D9%84%D9%87%20-%20%D8%A7%D8%B3%D8%AA%D8%A7%D8%B0%D9%86%20%D8%AD%D8%B6%D8%B1%D8%AA%D9%83%20%D8%A8%D8%B3%20%D8%A7%D8%B1%D8%B3%D9%84%D9%86%D8%A7%20%D8%A7%D9%84%D9%85%D8%B9%D9%84%D9%88%D9%85%D8%A7%D8%AA%20%D8%A7%D9%83%D9%88%D9%86%20%D8%B4%D8%A7%D9%83%D8%B1%20%D9%84%D8%AD%D8%B6%D8%B1%D8%AA%D9%83%20%D8%AC%D8%AF%D8%A7,Pending
201203630638,+201203630638,Direct / Owner Group,SE-WA-19066,New Cairo,Sale,,"مساء الخيرات , يارب تكون بخير - مع حضرتك احمد فوزي من سييرا استيتس - كنت بسال لو الوحده الي حضرتك كنت عارضها متاحه ؟ معانا اكتر من عميل مهتم سواء بيع او ايجار باذن الله - استاذن حضرتك بس ارسلنا المعلومات اكون شاكر لحضرتك جدا",https://wa.me/201203630638?text=%D9%85%D8%B3%D8%A7%D8%A1%20%D8%A7%D9%84%D8%AE%D9%8A%D8%B1%D8%A7%D8%AA%20%2C%20%D9%8A%D8%A7%D8%B1%D8%A8%20%D8%AA%D9%83%D9%88%D9%86%20%D8%A8%D8%AE%D9%8A%D8%B1%20-%20%D9%85%D8%B9%20%D8%AD%D8%B6%D8%B1%D8%AA%D9%83%20%D8%A7%D8%AD%D9%85%D8%AF%20%D9%81%D9%88%D8%B2%D9%8A%20%D9%85%D9%86%20%D8%B3%D9%8A%D9%8A%D8%B1%D8%A7%20%D8%A7%D8%B3%D8%AA%D9%8A%D8%AA%D8%B3%20-%20%D9%83%D9%86%D8%AA%20%D8%A8%D8%B3%D8%A7%D9%84%20%D9%84%D9%88%20%D8%A7%D9%84%D9%88%D8%AD%D8%AF%D9%87%20%D8%A7%D9%84%D9%8A%20%D8%AD%D8%B6%D8%B1%D8%AA%D9%83%20%D9%83%D9%86%D8%AA%20%D8%B9%D8%A7%D8%B1%D8%B6%D9%87%D8%A7%20%D9%85%D8%AA%D8%A7%D8%AD%D9%87%20%D8%9F%20%D9%85%D8%B9%D8%A7%D9%86%D8%A7%20%D8%A7%D9%83%D8%AA%D8%B1%20%D9%85%D9%86%20%D8%B9%D9%85%D9%8A%D9%84%20%D9%85%D9%87%D8%AA%D9%85%20%D8%B3%D9%88%D8%A7%D8%A1%20%D8%A8%D9%8A%D8%B9%20%D8%A7%D9%88%20%D8%A7%D9%8A%D8%AC%D8%A7%D8%B1%20%D8%A8%D8%A7%D8%B0%D9%86%20%D8%A7%D9%84%D9%84%D9%87%20-%20%D8%A7%D8%B3%D8%AA%D8%A7%D8%B0%D9%86%20%D8%AD%D8%B6%D8%B1%D8%AA%D9%83%20%D8%A8%D8%B3%20%D8%A7%D8%B1%D8%B3%D9%84%D9%86%D8%A7%20%D8%A7%D9%84%D9%85%D8%B9%D9%84%D9%88%D9%85%D8%A7%D8%AA%20%D8%A7%D9%83%D9%88%D9%86%20%D8%B4%D8%A7%D9%83%D8%B1%20%D9%84%D8%AD%D8%B6%D8%B1%D8%AA%D9%83%20%D8%AC%D8%AF%D8%A7,Pending
201203630419,+201203630419,Direct / Owner Group,SE-WA-19069,New Cairo,Rent,,"مساء الخيرات , يارب تكون بخير - مع حضرتك احمد فوزي من سييرا استيتس - كنت بسال لو الوحده الي حضرتك كنت عارضها متاحه ؟ معانا اكتر من عميل مهتم سواء بيع او ايجار باذن الله - استاذن حضرتك بس ارسلنا المعلومات اكون شاكر لحضرتك جدا",https://wa.me/201203630419?text=%D9%85%D8%B3%D8%A7%D8%A1%20%D8%A7%D9%84%D8%AE%D9%8A%D8%B1%D8%A7%D8%AA%20%2C%20%D9%8A%D8%A7%D8%B1%D8%A8%20%D8%AA%D9%83%D9%88%D9%86%20%D8%A8%D8%AE%D9%8A%D8%B1%20-%20%D9%85%D8%B9%20%D8%AD%D8%B6%D8%B1%D8%AA%D9%83%20%D8%A7%D8%AD%D9%85%D8%AF%20%D9%81%D9%88%D8%B2%D9%8A%20%D9%85%D9%86%20%D8%B3%D9%8A%D9%8A%D8%B1%D8%A7%20%D8%A7%D8%B3%D8%AA%D9%8A%D8%AA%D8%B3%20-%20%D9%83%D9%86%D8%AA%20%D8%A8%D8%B3%D8%A7%D9%84%20%D9%84%D9%88%20%D8%A7%D9%84%D9%88%D8%AD%D8%AF%D9%87%20%D8%A7%D9%84%D9%8A%20%D8%AD%D8%B6%D8%B1%D8%AA%D9%83%20%D9%83%D9%86%D8%AA%20%D8%B9%D8%A7%D8%B1%D8%B6%D9%87%D8%A7%20%D9%85%D8%AA%D8%A7%D8%AD%D9%87%20%D8%9F%20%D9%85%D8%B9%D8%A7%D9%86%D8%A7%20%D8%A7%D9%83%D8%AA%D8%B1%20%D9%85%D9%86%20%D8%B9%D9%85%D9%8A%D9%84%20%D9%85%D9%87%D8%AA%D9%85%20%D8%B3%D9%88%D8%A7%D8%A1%20%D8%A8%D9%8A%D8%B9%20%D8%A7%D9%88%20%D8%A7%D9%8A%D8%AC%D8%A7%D8%B1%20%D8%A8%D8%A7%D8%B0%D9%86%20%D8%A7%D9%84%D9%84%D9%87%20-%20%D8%A7%D8%B3%D8%AA%D8%A7%D8%B0%D9%86%20%D8%AD%D8%B6%D8%B1%D8%AA%D9%83%20%D8%A8%D8%B3%20%D8%A7%D8%B1%D8%B3%D9%84%D9%86%D8%A7%20%D8%A7%D9%84%D9%85%D8%B9%D9%84%D9%88%D9%85%D8%A7%D8%AA%20%D8%A7%D9%83%D9%88%D9%86%20%D8%B4%D8%A7%D9%83%D8%B1%20%D9%84%D8%AD%D8%B6%D8%B1%D8%AA%D9%83%20%D8%AC%D8%AF%D8%A7,Pending
201203633289,+201203633289,Direct / Owner Group,SE-WA-19084,Swan Lake Residence,Sale,,"مساء الخيرات , يارب تكون بخير - مع حضرتك احمد فوزي من سييرا استيتس - كنت بسال لو الوحده الي حضرتك كنت عارضها متاحه ؟ معانا اكتر من عميل مهتم سواء بيع او ايجار باذن الله - استاذن حضرتك بس ارسلنا المعلومات اكون شاكر لحضرتك جدا",https://wa.me/201203633289?text=%D9%85%D8%B3%D8%A7%D8%A1%20%D8%A7%D9%84%D8%AE%D9%8A%D8%B1%D8%A7%D8%AA%20%2C%20%D9%8A%D8%A7%D8%B1%D8%A8%20%D8%AA%D9%83%D9%88%D9%86%20%D8%A8%D8%AE%D9%8A%D8%B1%20-%20%D9%85%D8%B9%20%D8%AD%D8%B6%D8%B1%D8%AA%D9%83%20%D8%A7%D8%AD%D9%85%D8%AF%20%D9%81%D9%88%D8%B2%D9%8A%20%D9%85%D9%86%20%D8%B3%D9%8A%D9%8A%D8%B1%D8%A7%20%D8%A7%D8%B3%D8%AA%D9%8A%D8%AA%D8%B3%20-%20%D9%83%D9%86%D8%AA%20%D8%A8%D8%B3%D8%A7%D9%84%20%D9%84%D9%88%20%D8%A7%D9%84%D9%88%D8%AD%D8%AF%D9%87%20%D8%A7%D9%84%D9%8A%20%D8%AD%D8%B6%D8%B1%D8%AA%D9%83%20%D9%83%D9%86%D8%AA%20%D8%B9%D8%A7%D8%B1%D8%B6%D9%87%D8%A7%20%D9%85%D8%AA%D8%A7%D8%AD%D9%87%20%D8%9F%20%D9%85%D8%B9%D8%A7%D9%86%D8%A7%20%D8%A7%D9%83%D8%AA%D8%B1%20%D9%85%D9%86%20%D8%B9%D9%85%D9%8A%D9%84%20%D9%85%D9%87%D8%AA%D9%85%20%D8%B3%D9%88%D8%A7%D8%A1%20%D8%A8%D9%8A%D8%B9%20%D8%A7%D9%88%20%D8%A7%D9%8A%D8%AC%D8%A7%D8%B1%20%D8%A8%D8%A7%D8%B0%D9%86%20%D8%A7%D9%84%D9%84%D9%87%20-%20%D8%A7%D8%B3%D8%AA%D8%A7%D8%B0%D9%86%20%D8%AD%D8%B6%D8%B1%D8%AA%D9%83%20%D8%A8%D8%B3%20%D8%A7%D8%B1%D8%B3%D9%84%D9%86%D8%A7%20%D8%A7%D9%84%D9%85%D8%B9%D9%84%D9%88%D9%85%D8%A7%D8%AA%20%D8%A7%D9%83%D9%88%D9%86%20%D8%B4%D8%A7%D9%83%D8%B1%20%D9%84%D8%AD%D8%B6%D8%B1%D8%AA%D9%83%20%D8%AC%D8%AF%D8%A7,Pending
